{
    "998d890b-14ae-4ada-a6a5-7b73960cc00a": {
        "type": "benign",
        "resp": "{\"approved\":\"true\",\"authorization\":7419283377314107}"
    },
    "b48c6c92-2c81-41ba-bbc3-56c67a5f3e78": {
        "type": "benign",
        "resp": "{\"approved\":\"true\",\"authorization\":54305834449593}"
    },
    "4524b6ee-edd3-49d8-8f5e-feaefe508334": {
        "type": "benign",
        "resp": "{\"approved\":\"true\",\"authorization\":2544687956533899}"
    },
    "9830399c-18dc-492c-84c7-afdcd5a3388e": {
        "type": "benign",
        "resp": "{\"approved\":\"true\",\"authorization\":6002637244104951}"
    },
    "85f62e75-d9af-4177-a5e2-664ec03f1ad3": {
        "type": "benign",
        "resp": "{\"approved\":\"true\",\"authorization\":4953393866368863}"
    },
    "7ceeb95e-eaaf-492d-b5e5-e6b97fc55b3a": {
        "type": "benign",
        "resp": "{\"approved\":\"true\",\"authorization\":1380133920730403}"
    },
    "8b2059b1-f969-4284-96e1-68bc593a250e": {
        "type": "benign",
        "resp": "{\"approved\":\"true\",\"authorization\":6601395068338511}"
    },
    "4a796445-1c62-4af0-8e90-fae58cd3fb6a": {
        "type": "benign",
        "resp": "{\"approved\":\"true\",\"authorization\":2744752586795929}"
    },
    "e0fe1463-5a8d-452c-a3ad-aebbd5bec817": {
        "type": "benign",
        "resp": "{\"approved\":\"true\",\"authorization\":5568483916215203}"
    },
    "0c12da3e-d99d-4caa-88da-e0e1496d0359": {
        "type": "benign",
        "resp": "{\"approved\":\"true\",\"authorization\":1471004826758539}"
    },
    "a3bfe16d-a811-4f13-a104-bcb654d80fc6": {
        "type": "attack",
        "resp": "{\"approved\":\"false\",\"failureReason\":{\"out\":\"{\\n  \\\"kind\\\": \\\"Status\\\",\\n  \\\"apiVersion\\\": \\\"v1\\\",\\n  \\\"metadata\\\": {},\\n  \\\"status\\\": \\\"Failure\\\",\\n  \\\"message\\\": \\\"Service \\\\\\\"escapeserver2\\\\\\\" is invalid: spec.ports[0].nodePort: Invalid value: 30001: provided port is already allocated\\\",\\n  \\\"reason\\\": \\\"Invalid\\\",\\n  \\\"details\\\": {\\n    \\\"name\\\": \\\"escapeserver2\\\",\\n    \\\"kind\\\": \\\"Service\\\",\\n    \\\"causes\\\": [\\n      {\\n        \\\"reason\\\": \\\"FieldValueInvalid\\\",\\n        \\\"message\\\": \\\"Invalid value: 30001: provided port is already allocated\\\",\\n        \\\"field\\\": \\\"spec.ports[0].nodePort\\\"\\n      }\\n    ]\\n  },\\n  \\\"code\\\": 422\\n}{\\n  \\\"kind\\\": \\\"Status\\\",\\n  \\\"apiVersion\\\": \\\"v1\\\",\\n  \\\"metadata\\\": {},\\n  \\\"status\\\": \\\"Failure\\\",\\n  \\\"message\\\": \\\"deployments.apps \\\\\\\"escapeserver2\\\\\\\" already exists\\\",\\n  \\\"reason\\\": \\\"AlreadyExists\\\",\\n  \\\"details\\\": {\\n    \\\"name\\\": \\\"escapeserver2\\\",\\n    \\\"group\\\": \\\"apps\\\",\\n    \\\"kind\\\": \\\"deployments\\\"\\n  },\\n  \\\"code\\\": 409\\n}\",\"err\":\"Connecting to gitee.com (182.255.33.134:443)\\nescapeserver2_servic 100% |*******************************|   282   0:00:00 ETA\\n\\nConnecting to gitee.com (182.255.35.53:443)\\nescapeserver2_pod.ya 100% |*******************************|   699   0:00:00 ETA\\n\\n  % Total    % Received % Xferd  Average Speed   Time    Time     Time  Current\\n                                 Dload  Upload   Total   Spent    Left  Speed\\n\\r  0     0    0     0    0     0      0      0 --:--:-- --:--:-- --:--:--     0\\r100   810  100   528  100   282  15529   8294 --:--:-- --:--:-- --:--:-- 23823\\n  % Total    % Received % Xferd  Average Speed   Time    Time     Time  Current\\n                                 Dload  Upload   Total   Spent    Left  Speed\\n\\r  0     0    0     0    0     0      0      0 --:--:-- --:--:-- --:--:--     0\\r100   990  100   291  100   699  18187  43687 --:--:-- --:--:-- --:--:-- 61875\\n\"}}"
    },
    "f6f7eb36-2a35-45d0-918f-cc88f9b4785d": {
        "type": "benign",
        "resp": "{\"approved\":\"true\",\"authorization\":488270294161561}"
    },
    "c5c31d1e-b887-4118-b7ef-a544a5610e51": {
        "type": "benign",
        "resp": "{\"approved\":\"true\",\"authorization\":1233847112612643}"
    },
    "e1dce292-8445-4c82-b6a2-f0f50bc9745d": {
        "type": "benign",
        "resp": "{\"approved\":\"true\",\"authorization\":6429431920419407}"
    },
    "a1f98e16-ed89-4573-99dd-2a7f20f02a72": {
        "type": "benign",
        "resp": "{\"approved\":\"true\",\"authorization\":7696530115001993}"
    },
    "64dfb187-9f5d-43a9-8cda-045d669cfad9": {
        "type": "benign",
        "resp": "{\"approved\":\"true\",\"authorization\":6175474582091417}"
    },
    "11e2a7ef-6191-458b-af5b-ae4e574af5f1": {
        "type": "benign",
        "resp": "{\"approved\":\"true\",\"authorization\":2292010558497977}"
    },
    "6438e831-c661-4cbd-b615-9cad7b1b6e9c": {
        "type": "benign",
        "resp": "{\"approved\":\"true\",\"authorization\":1060452319556409}"
    },
    "4cd0aabc-7742-4852-b6c8-fbc33346c6e8": {
        "type": "benign",
        "resp": "{\"approved\":\"true\",\"authorization\":223252723051145}"
    }
}