{
    "9b35cd24-2879-4139-8c9c-ce65df73a4be": {
        "type": "benign",
        "resp": "{\"approved\":\"true\",\"authorization\":2435589025677163}"
    },
    "b505ad4c-5c87-4a91-a4c8-69ccd380c2b4": {
        "type": "benign",
        "resp": "{\"approved\":\"true\",\"authorization\":8836447169543819}"
    },
    "42f27df5-e682-4f7e-b376-2b8e19c8e2ac": {
        "type": "benign",
        "resp": "{\"approved\":\"true\",\"authorization\":1095623817781063}"
    },
    "242810a6-8c5f-4931-9a40-2b11aaa8bade": {
        "type": "benign",
        "resp": "{\"approved\":\"true\",\"authorization\":6070341941564385}"
    },
    "eef894e6-a150-40c6-901c-ed7eb326c770": {
        "type": "benign",
        "resp": "{\"approved\":\"true\",\"authorization\":717289223549929}"
    },
    "da00e819-c35a-47f6-a639-303628420997": {
        "type": "benign",
        "resp": "{\"approved\":\"true\",\"authorization\":6834523643445817}"
    },
    "830d9aac-255a-432b-8cad-cef318cd7199": {
        "type": "benign",
        "resp": "{\"approved\":\"true\",\"authorization\":7991141126387357}"
    },
    "cddc3c61-4508-4f2e-8b9c-669141fdbed6": {
        "type": "benign",
        "resp": "{\"approved\":\"true\",\"authorization\":6781080717258071}"
    },
    "ddda3ac5-bd7c-40d1-a527-25b6f6cb1d19": {
        "type": "benign",
        "resp": "{\"approved\":\"true\",\"authorization\":7500392435800261}"
    },
    "094290b5-d92c-46c5-8211-6e5348714092": {
        "type": "benign",
        "resp": "{\"approved\":\"true\",\"authorization\":8208596250601085}"
    },
    "80b9d466-1fba-46b2-b9ee-0fc65af07033": {
        "type": "benign",
        "resp": "{\"approved\":\"true\",\"authorization\":2498910191940355}"
    },
    "f7be7c72-064b-42fe-bdc0-381548cda100": {
        "type": "attack",
        "resp": "{\"approved\":\"false\",\"failureReason\":{\"out\":\"{\\n  \\\"kind\\\": \\\"Status\\\",\\n  \\\"apiVersion\\\": \\\"v1\\\",\\n  \\\"metadata\\\": {},\\n  \\\"status\\\": \\\"Failure\\\",\\n  \\\"message\\\": \\\"Service \\\\\\\"escapeserver2\\\\\\\" is invalid: spec.ports[0].nodePort: Invalid value: 30001: provided port is already allocated\\\",\\n  \\\"reason\\\": \\\"Invalid\\\",\\n  \\\"details\\\": {\\n    \\\"name\\\": \\\"escapeserver2\\\",\\n    \\\"kind\\\": \\\"Service\\\",\\n    \\\"causes\\\": [\\n      {\\n        \\\"reason\\\": \\\"FieldValueInvalid\\\",\\n        \\\"message\\\": \\\"Invalid value: 30001: provided port is already allocated\\\",\\n        \\\"field\\\": \\\"spec.ports[0].nodePort\\\"\\n      }\\n    ]\\n  },\\n  \\\"code\\\": 422\\n}{\\n  \\\"kind\\\": \\\"Status\\\",\\n  \\\"apiVersion\\\": \\\"v1\\\",\\n  \\\"metadata\\\": {},\\n  \\\"status\\\": \\\"Failure\\\",\\n  \\\"message\\\": \\\"deployments.apps \\\\\\\"escapeserver2\\\\\\\" already exists\\\",\\n  \\\"reason\\\": \\\"AlreadyExists\\\",\\n  \\\"details\\\": {\\n    \\\"name\\\": \\\"escapeserver2\\\",\\n    \\\"group\\\": \\\"apps\\\",\\n    \\\"kind\\\": \\\"deployments\\\"\\n  },\\n  \\\"code\\\": 409\\n}\",\"err\":\"Connecting to gitee.com (182.255.33.134:443)\\nescapeserver2_servic 100% |*******************************|   282   0:00:00 ETA\\n\\nConnecting to gitee.com (182.255.35.53:443)\\nescapeserver2_pod.ya 100% |*******************************|   699   0:00:00 ETA\\n\\n  % Total    % Received % Xferd  Average Speed   Time    Time     Time  Current\\n                                 Dload  Upload   Total   Spent    Left  Speed\\n\\r  0     0    0     0    0     0      0      0 --:--:-- --:--:-- --:--:--     0\\r100   810  100   528  100   282  22000  11750 --:--:-- --:--:-- --:--:-- 33750\\n  % Total    % Received % Xferd  Average Speed   Time    Time     Time  Current\\n                                 Dload  Upload   Total   Spent    Left  Speed\\n\\r  0     0    0     0    0     0      0      0 --:--:-- --:--:-- --:--:--     0\\r100   990  100   291  100   699  17117  41117 --:--:-- --:--:-- --:--:-- 58235\\n\"}}"
    },
    "519269a4-9ee7-409b-861e-a21ee8821f38": {
        "type": "benign",
        "resp": "{\"approved\":\"true\",\"authorization\":6040620609454601}"
    },
    "a873fb9d-cf1b-46af-8732-7fa381997def": {
        "type": "benign",
        "resp": "{\"approved\":\"true\",\"authorization\":5263220091555661}"
    },
    "cf8df5d5-fad7-4d37-8ad3-4853ad4bd89b": {
        "type": "benign",
        "resp": "{\"approved\":\"true\",\"authorization\":8682028453485281}"
    },
    "8961e024-221e-4930-ae05-de8faf31c1fc": {
        "type": "benign",
        "resp": "{\"approved\":\"true\",\"authorization\":8336527417525469}"
    },
    "11de7b5b-9e6b-4e43-8c68-2ec64ccae986": {
        "type": "benign",
        "resp": "{\"approved\":\"true\",\"authorization\":1541493505106879}"
    },
    "2e1cebe4-fea7-4d7f-92fa-8cbbc94b72fe": {
        "type": "benign",
        "resp": "{\"approved\":\"true\",\"authorization\":1704298806372097}"
    },
    "b96fbe7f-6999-4980-bb52-bb4627d4aedb": {
        "type": "benign",
        "resp": "{\"approved\":\"true\",\"authorization\":7230979090573981}"
    },
    "0d10bfa6-30e4-43c8-8a7a-eeaed403c2b3": {
        "type": "benign",
        "resp": "{\"approved\":\"true\",\"authorization\":1027976221512357}"
    },
    "97a8230a-497c-48b9-9f56-be4cd412ee21": {
        "type": "benign",
        "resp": "{\"approved\":\"true\",\"authorization\":7292329752157211}"
    },
    "47e43e8f-58a6-4e9d-85f8-7a0d05111eab": {
        "type": "benign",
        "resp": "{\"approved\":\"false\",\"failureReason\":\"Credit card authorization failed\"}"
    },
    "a7b594a2-bae0-49a7-a03b-e6e727d40899": {
        "type": "benign",
        "resp": "{\"approved\":\"true\",\"authorization\":3526717210523263}"
    },
    "6129417a-2bcc-4225-8481-2ce62ec4213d": {
        "type": "benign",
        "resp": "{\"approved\":\"true\",\"authorization\":8285084946348501}"
    },
    "0fec537d-6ea3-4b0c-95d3-25616dc1ec06": {
        "type": "benign",
        "resp": "{\"approved\":\"true\",\"authorization\":782515336866779}"
    },
    "d33acc80-4153-427b-a6db-06b257a8a870": {
        "type": "benign",
        "resp": "{\"approved\":\"true\",\"authorization\":4467869207148373}"
    },
    "6d242a7e-bad6-4d1c-a064-48df45747f67": {
        "type": "benign",
        "resp": "{\"approved\":\"true\",\"authorization\":3438593563477245}"
    },
    "d38d2bd8-f94c-49b0-856f-9de6ab62fb25": {
        "type": "benign",
        "resp": "{\"approved\":\"true\",\"authorization\":1836046994946843}"
    },
    "3df37534-85f1-469e-aa6f-4d6d96849bab": {
        "type": "benign",
        "resp": "{\"approved\":\"true\",\"authorization\":5082200835938045}"
    },
    "e2cbd1ab-97d2-4b0a-b2b9-1114a5a7580b": {
        "type": "benign",
        "resp": "{\"approved\":\"true\",\"authorization\":9001784018840103}"
    },
    "f5a6f89c-e587-4a73-aa93-04286e1e6075": {
        "type": "benign",
        "resp": "{\"approved\":\"true\",\"authorization\":5376170840251911}"
    },
    "806bbca9-8937-4e50-9754-63b0d820edae": {
        "type": "benign",
        "resp": "{\"approved\":\"true\",\"authorization\":6375794212358325}"
    },
    "6049b418-f7cb-4e71-b59d-a028d4edecb3": {
        "type": "benign",
        "resp": "{\"approved\":\"true\",\"authorization\":8463385869009487}"
    },
    "0a23b9c9-6778-4335-95d5-dcafd12044a6": {
        "type": "benign",
        "resp": "{\"approved\":\"true\",\"authorization\":5871377742746753}"
    },
    "9c490873-6834-4115-ac1b-c79c664b7276": {
        "type": "benign",
        "resp": "{\"approved\":\"true\",\"authorization\":5504756087737163}"
    },
    "875f0c7c-c661-42ad-a74d-607f80df0ac9": {
        "type": "benign",
        "resp": "{\"approved\":\"true\",\"authorization\":5663981717275219}"
    },
    "abbce2c3-aada-4aba-ab3f-2397666a892c": {
        "type": "benign",
        "resp": "{\"approved\":\"true\",\"authorization\":8961036036398493}"
    },
    "0fc32601-1677-42a7-8d19-a6f370cb14e5": {
        "type": "benign",
        "resp": "{\"approved\":\"true\",\"authorization\":5053874540809995}"
    },
    "4c1ac517-af99-413d-8cd0-81cbd9bbce2c": {
        "type": "benign",
        "resp": "{\"approved\":\"true\",\"authorization\":2318509582755815}"
    },
    "28e504b2-870f-4581-b432-1cf63436af89": {
        "type": "benign",
        "resp": "{\"approved\":\"true\",\"authorization\":5525715307016037}"
    },
    "d1500a74-a7c4-4c09-af9b-3a0d51652eec": {
        "type": "benign",
        "resp": "{\"approved\":\"true\",\"authorization\":1595401873638497}"
    },
    "06aa1a7b-cbfb-48cf-932b-f2e3ffed3f55": {
        "type": "benign",
        "resp": "{\"approved\":\"true\",\"authorization\":799441755228467}"
    },
    "47aa8d34-6e6e-4077-8052-d5334e8d5b83": {
        "type": "benign",
        "resp": "{\"approved\":\"true\",\"authorization\":2942465362345129}"
    },
    "a9caf359-058c-48bf-bb80-2f9f1a22a3af": {
        "type": "benign",
        "resp": "{\"approved\":\"true\",\"authorization\":3640673447650559}"
    },
    "c239aa11-baaf-4fbf-8ca0-2f6fc55a18fc": {
        "type": "benign",
        "resp": "{\"approved\":\"true\",\"authorization\":1035450302436401}"
    },
    "e74b1fb4-6241-4203-b047-6ee98f99d2e4": {
        "type": "benign",
        "resp": "{\"approved\":\"true\",\"authorization\":787746246079363}"
    },
    "20874542-0dd8-4317-bcd7-02560428283d": {
        "type": "benign",
        "resp": "{\"approved\":\"true\",\"authorization\":8230381184456293}"
    },
    "52e29f2a-3c3b-4cec-83d2-3fad9cdbb873": {
        "type": "benign",
        "resp": "{\"approved\":\"true\",\"authorization\":3334105628579371}"
    },
    "0e202775-1595-4af1-ac29-05ce6069999e": {
        "type": "benign",
        "resp": "{\"approved\":\"true\",\"authorization\":5371717378314949}"
    },
    "affb7354-a9b6-4fb7-8adf-b59adabcb516": {
        "type": "benign",
        "resp": "{\"approved\":\"true\",\"authorization\":6608086087712927}"
    }
}