{
    "2573f428-fe6f-4508-9852-da3c87b2654c": {
        "type": "benign",
        "resp": "{\"approved\":\"true\",\"authorization\":2386263901264519}"
    },
    "68048087-8c91-42ee-8ab6-77bb979b7bd2": {
        "type": "benign",
        "resp": "{\"approved\":\"true\",\"authorization\":5376214881682881}"
    },
    "80747808-a8c4-4db9-9ff5-3dd8ef88e798": {
        "type": "benign",
        "resp": "{\"approved\":\"true\",\"authorization\":1979658017760135}"
    },
    "9a86dfc3-8eeb-4548-91de-a4620ac9f81a": {
        "type": "benign",
        "resp": "{\"approved\":\"true\",\"authorization\":90679475207441}"
    },
    "d78f07d6-9c9c-45cd-9e15-acdf2b5d42ae": {
        "type": "benign",
        "resp": "{\"approved\":\"true\",\"authorization\":4245688749767833}"
    },
    "ae0f94b4-5c63-44b5-9f13-89dd9e568bcc": {
        "type": "benign",
        "resp": "{\"approved\":\"true\",\"authorization\":1586421139540647}"
    },
    "ea3f6905-7663-43bd-96dd-98b9b8e9f814": {
        "type": "benign",
        "resp": "{\"approved\":\"true\",\"authorization\":6968551768849863}"
    },
    "6931fd9c-6a38-479a-9d86-f3d4fc38dcb8": {
        "type": "benign",
        "resp": "{\"approved\":\"true\",\"authorization\":1340094648662753}"
    },
    "e6b5e30c-9e46-4986-848f-16b87ad72880": {
        "type": "benign",
        "resp": "{\"approved\":\"true\",\"authorization\":1803175371973105}"
    },
    "cb734fb8-afd5-43cb-b230-80ecd5fc6906": {
        "type": "benign",
        "resp": "{\"approved\":\"true\",\"authorization\":379002114594963}"
    },
    "22df5e36-128b-4ef6-8024-0266599bce78": {
        "type": "benign",
        "resp": "{\"approved\":\"true\",\"authorization\":8009763311943387}"
    },
    "bdf42900-3c66-4484-ade4-3ef335facd6b": {
        "type": "benign",
        "resp": "{\"approved\":\"true\",\"authorization\":2569932988859619}"
    },
    "16c41683-a72a-4ea7-8db4-e3995e2ec76b": {
        "type": "benign",
        "resp": "{\"approved\":\"true\",\"authorization\":4990963851719925}"
    },
    "14ddb919-6f59-45a8-a839-97299057914c": {
        "type": "attack",
        "resp": "{\"data\":\"username=test1\\npassword=test2\"}"
    },
    "0e7fcd07-4f9c-41e2-918c-e873bbc3c35d": {
        "type": "benign",
        "resp": "{\"approved\":\"false\",\"failureReason\":\"Credit card authorization failed\"}"
    },
    "b109dfdd-4e38-4113-aafa-4e1c5aab0ad3": {
        "type": "benign",
        "resp": "{\"approved\":\"true\",\"authorization\":2203915721754541}"
    },
    "4443f072-2656-41d2-9d01-4f2b7e2b0217": {
        "type": "benign",
        "resp": "{\"approved\":\"true\",\"authorization\":1518256622058411}"
    },
    "e1975aec-9269-41e7-bb0d-d668351fe685": {
        "type": "benign",
        "resp": "{\"approved\":\"true\",\"authorization\":4545649012300749}"
    },
    "a1cf8b01-5ab3-4b01-8aa8-38e3499996ea": {
        "type": "benign",
        "resp": "{\"approved\":\"true\",\"authorization\":3958269682334603}"
    }
}