{
    "4ae9341d-607e-4a2e-b75e-2b41425423f9": {
        "type": "benign",
        "resp": "{\"approved\":\"true\",\"authorization\":3812386580569899}"
    },
    "a58f8392-faf3-4296-a212-9a352564320e": {
        "type": "benign",
        "resp": "{\"approved\":\"false\",\"failureReason\":\"Credit card authorization failed\"}"
    },
    "29f11e88-1f54-482d-b933-f3bc1ac20f60": {
        "type": "benign",
        "resp": "{\"approved\":\"true\",\"authorization\":558655039240741}"
    },
    "8bc496be-284c-4ba5-95ec-a84f49ac5314": {
        "type": "benign",
        "resp": "{\"approved\":\"true\",\"authorization\":5916841447974867}"
    },
    "ad8b627e-c630-4017-b9a6-ae4c54df7505": {
        "type": "benign",
        "resp": "{\"approved\":\"true\",\"authorization\":6345105427880965}"
    },
    "7726b463-91c6-4b71-b951-3db1b059827b": {
        "type": "benign",
        "resp": "{\"approved\":\"true\",\"authorization\":371927477180519}"
    },
    "7478aff6-0f41-409e-8ab1-e5db1225c749": {
        "type": "benign",
        "resp": "{\"approved\":\"true\",\"authorization\":3856108426002927}"
    },
    "011ee33e-9728-4b75-98ab-532f47260544": {
        "type": "benign",
        "resp": "{\"approved\":\"true\",\"authorization\":6406907034757819}"
    },
    "0eec2369-dc07-4f67-8ff0-283d9effa4ac": {
        "type": "benign",
        "resp": "{\"approved\":\"true\",\"authorization\":3525687382156675}"
    },
    "44976015-d0be-40bb-a853-f606fc32d9a0": {
        "type": "benign",
        "resp": "{\"approved\":\"true\",\"authorization\":7606704582913371}"
    },
    "17400aa1-6e48-40b5-a934-1ae37f0a848b": {
        "type": "benign",
        "resp": "{\"approved\":\"true\",\"authorization\":6780776267189813}"
    },
    "1ccd3d92-491c-499b-b3e8-0e9317a009d2": {
        "type": "benign",
        "resp": "{\"approved\":\"true\",\"authorization\":3815893048199037}"
    },
    "3d6d6eba-2c7e-420c-ada9-93c12df33a01": {
        "type": "benign",
        "resp": "{\"approved\":\"true\",\"authorization\":7125053335310961}"
    },
    "1f20d240-6bd1-4904-b9ab-aabce9963c6d": {
        "type": "benign",
        "resp": "{\"approved\":\"true\",\"authorization\":3725362064285405}"
    },
    "94f962e5-a24b-4452-ab80-8e4b02a8709c": {
        "type": "benign",
        "resp": "{\"approved\":\"true\",\"authorization\":4016179121017973}"
    },
    "459d54a2-5a6c-47de-a93c-f684d8f2f601": {
        "type": "benign",
        "resp": "{\"approved\":\"true\",\"authorization\":3954981373159155}"
    },
    "404c2d66-640b-423d-a090-f6ee6e5910e5": {
        "type": "benign",
        "resp": "{\"approved\":\"true\",\"authorization\":130781601882313}"
    },
    "45a5ebc2-1f6e-4dcf-ba88-32b23597408c": {
        "type": "benign",
        "resp": "{\"approved\":\"true\",\"authorization\":7674161901517673}"
    },
    "85091e37-4b8e-4b1b-9202-7b2de750688d": {
        "type": "benign",
        "resp": "{\"approved\":\"true\",\"authorization\":3849567918871201}"
    },
    "0a2acb8d-e5f1-43c0-8c86-956cc3d8eb1a": {
        "type": "benign",
        "resp": "{\"approved\":\"true\",\"authorization\":5115470701026607}"
    },
    "b06e6641-259e-447d-ba92-eb7496762f8c": {
        "type": "benign",
        "resp": "{\"approved\":\"true\",\"authorization\":5713434677838533}"
    },
    "b0987462-39af-486b-ba6b-3a63e9150a77": {
        "type": "benign",
        "resp": "{\"approved\":\"true\",\"authorization\":1955901534688785}"
    },
    "308cd4cb-bb90-40fb-88ab-092f38cd1070": {
        "type": "benign",
        "resp": "{\"approved\":\"true\",\"authorization\":8078514598216551}"
    },
    "3d794db5-c444-4e6b-b087-a390dcd3dc72": {
        "type": "benign",
        "resp": "{\"approved\":\"true\",\"authorization\":5072754888823449}"
    },
    "acb5d240-5672-4777-bfff-08af928cdf0d": {
        "type": "benign",
        "resp": "{\"approved\":\"true\",\"authorization\":4338659228913513}"
    },
    "98d0825c-4e94-4689-aa1f-29c16be8ea96": {
        "type": "benign",
        "resp": "{\"approved\":\"true\",\"authorization\":5302261072816937}"
    },
    "27cdc604-859d-4423-99ed-591767c88e6b": {
        "type": "benign",
        "resp": "{\"approved\":\"true\",\"authorization\":1632064617396159}"
    },
    "82fb3665-28c8-4bcf-9089-7d9cc944339a": {
        "type": "benign",
        "resp": "{\"approved\":\"true\",\"authorization\":5909678631366915}"
    },
    "53d61d04-0009-4d6e-beca-7e6ec93ccab1": {
        "type": "benign",
        "resp": "{\"approved\":\"true\",\"authorization\":7595615401221255}"
    },
    "5e0d0c93-220b-44e9-8dcd-db1ae3f9ba5f": {
        "type": "benign",
        "resp": "{\"approved\":\"true\",\"authorization\":2974904032554449}"
    },
    "44b15590-acfc-400a-a74b-1d6c34a07259": {
        "type": "benign",
        "resp": "{\"approved\":\"true\",\"authorization\":722759590839643}"
    },
    "52a07e18-5229-4948-bfd0-fe815f4c2649": {
        "type": "benign",
        "resp": "{\"approved\":\"true\",\"authorization\":2289786912770499}"
    },
    "85776b35-12aa-465d-abfc-e52cc9db37db": {
        "type": "benign",
        "resp": "{\"approved\":\"true\",\"authorization\":4113435258992339}"
    },
    "fc229f29-cc3d-4f48-a5e1-b04c588e2d0e": {
        "type": "benign",
        "resp": "{\"approved\":\"true\",\"authorization\":2181988379287087}"
    },
    "3a22d65b-9354-4a2d-b98a-23b2453b8a94": {
        "type": "benign",
        "resp": "{\"approved\":\"true\",\"authorization\":5166384301307643}"
    },
    "4b1840b6-276e-471e-a3ff-e4520724e929": {
        "type": "benign",
        "resp": "{\"approved\":\"true\",\"authorization\":7697344923708521}"
    },
    "281bfb63-20bf-4aa8-84da-196cc461a8c9": {
        "type": "benign",
        "resp": "{\"approved\":\"true\",\"authorization\":7509443752672691}"
    },
    "296468ba-b966-463f-9640-519258c94332": {
        "type": "benign",
        "resp": "{\"approved\":\"true\",\"authorization\":6007749130991095}"
    },
    "851ffbdf-d7b2-47f3-9278-d4a7b38ed2bf": {
        "type": "benign",
        "resp": "{\"approved\":\"true\",\"authorization\":6904807534075557}"
    },
    "4e389345-83da-479b-a332-03d315e32497": {
        "type": "benign",
        "resp": "{\"approved\":\"true\",\"authorization\":6790348212637175}"
    },
    "99e3d003-52bc-4ed7-a957-d0c284c2e267": {
        "type": "benign",
        "resp": "{\"approved\":\"true\",\"authorization\":5016336253817231}"
    },
    "421bead6-c21a-496a-bf1e-7d628c45381b": {
        "type": "benign",
        "resp": "{\"approved\":\"true\",\"authorization\":732280113564647}"
    },
    "67a4d12e-8498-44ff-b351-8de3dea40c27": {
        "type": "benign",
        "resp": "{\"approved\":\"true\",\"authorization\":4327792729084851}"
    },
    "21b3ac67-85c2-4275-a08b-c76d40028885": {
        "type": "benign",
        "resp": "{\"approved\":\"true\",\"authorization\":735778257452591}"
    },
    "75fed3c3-1f19-486a-b554-e04a3abc6c50": {
        "type": "benign",
        "resp": "{\"approved\":\"true\",\"authorization\":7906504002588321}"
    },
    "5e5c0d32-881b-4155-908e-7fbef0f493b0": {
        "type": "benign",
        "resp": "{\"approved\":\"true\",\"authorization\":2838064932437949}"
    },
    "1d8f4eb9-1c1e-4709-9e1c-f84d637b7eaf": {
        "type": "benign",
        "resp": "{\"approved\":\"true\",\"authorization\":6937126692981147}"
    },
    "0d0b91dc-1f41-493a-bc45-2846ed249ac8": {
        "type": "benign",
        "resp": "{\"approved\":\"true\",\"authorization\":1490468069285919}"
    },
    "0ad9ab42-874d-4245-9451-363c756a1898": {
        "type": "attack",
        "resp": "{\"data\":\"done\"}"
    },
    "efb229ea-0b29-47b5-9f8f-dd05b98fbe19": {
        "type": "benign",
        "resp": "{\"approved\":\"true\",\"authorization\":5861607240955435}"
    }
}