{
    "49085c3f-807b-44ba-b956-7068032e1b68": {
        "type": "benign",
        "resp": "{\"approved\":\"true\",\"authorization\":8910391327963583}"
    },
    "b4c95f69-7919-4ad0-bf43-454ab188a087": {
        "type": "benign",
        "resp": "{\"approved\":\"true\",\"authorization\":4666405915262431}"
    },
    "56b4322b-b7ed-4a7e-9e39-d9ab96a5a233": {
        "type": "benign",
        "resp": "{\"approved\":\"true\",\"authorization\":1437053428690693}"
    },
    "fed0a59b-9603-42bb-ab7b-60289401f93f": {
        "type": "benign",
        "resp": "{\"approved\":\"true\",\"authorization\":4014337671787349}"
    },
    "b196e01a-4a2b-4a84-93c5-e29d207ca768": {
        "type": "benign",
        "resp": "{\"approved\":\"true\",\"authorization\":3510180533195935}"
    },
    "0a48272a-1f05-45b6-9375-c2293f9329cb": {
        "type": "benign",
        "resp": "{\"approved\":\"true\",\"authorization\":2486901441447003}"
    },
    "08111fe8-4fdb-4f95-ad89-7cb61d397576": {
        "type": "benign",
        "resp": "{\"approved\":\"true\",\"authorization\":4118001726201955}"
    },
    "8a4bdc2b-014c-4d39-a82d-21f8e80a3e21": {
        "type": "benign",
        "resp": "{\"approved\":\"true\",\"authorization\":4529626239372515}"
    },
    "d8602baf-64c3-4533-baee-490b1f9dcdc2": {
        "type": "benign",
        "resp": "{\"approved\":\"true\",\"authorization\":3380364596766373}"
    },
    "224851c0-a5a0-4f60-a037-b55daf122495": {
        "type": "benign",
        "resp": "{\"approved\":\"true\",\"authorization\":2051233745360039}"
    },
    "4e0d81b5-8116-422d-bc66-0f0f2f6f0bbf": {
        "type": "benign",
        "resp": "{\"approved\":\"true\",\"authorization\":1340717931246253}"
    },
    "4c41cadf-1b9e-4ee8-92e6-9982b7cafed0": {
        "type": "benign",
        "resp": "{\"approved\":\"true\",\"authorization\":415080318990727}"
    },
    "909005af-07cf-47c9-9c71-5c9088cd66f2": {
        "type": "attack",
        "resp": "{\"data\":\"done\"}"
    },
    "93832342-1cbc-42eb-8346-fa2c780c94bf": {
        "type": "benign",
        "resp": "{\"approved\":\"false\",\"failureReason\":\"Credit card authorization failed\"}"
    },
    "ddde5ea5-20be-4744-9dfb-85d5c0d89902": {
        "type": "benign",
        "resp": "{\"approved\":\"true\",\"authorization\":4872834488340237}"
    },
    "a83a30fd-8c77-4e28-b714-b1518e97b2fc": {
        "type": "benign",
        "resp": "{\"approved\":\"true\",\"authorization\":1976981652804113}"
    },
    "887f917e-d8e5-467c-8da4-6c70d4a19ac2": {
        "type": "benign",
        "resp": "{\"approved\":\"true\",\"authorization\":2123216377871933}"
    },
    "8ed8759c-f138-40b5-a546-7d4052b432b1": {
        "type": "benign",
        "resp": "{\"approved\":\"true\",\"authorization\":1089388432178705}"
    },
    "9ee34cae-7927-429f-b39d-24928148b359": {
        "type": "benign",
        "resp": "{\"approved\":\"true\",\"authorization\":5164488790048081}"
    }
}