{
    "5db87b46-1485-417e-bac5-d3b4435366df": {
        "type": "benign",
        "resp": "{\"approved\":\"true\",\"authorization\":2733177852071897}"
    },
    "7df696a0-52bc-447b-aa17-d4da07688a53": {
        "type": "benign",
        "resp": "{\"approved\":\"true\",\"authorization\":1031040743815631}"
    },
    "bbe0b870-b82f-4af3-a91d-92b115e3c6a2": {
        "type": "benign",
        "resp": "{\"approved\":\"true\",\"authorization\":7027452233613421}"
    },
    "3b5d09d0-b689-46d7-9cc4-4066a1a4c51a": {
        "type": "benign",
        "resp": "{\"approved\":\"true\",\"authorization\":7986035260794477}"
    },
    "3760b73c-db5c-4a01-ad1f-12361c904014": {
        "type": "benign",
        "resp": "{\"approved\":\"true\",\"authorization\":8396875121843379}"
    },
    "f3209a5c-e7db-4126-89b2-d553b1a19100": {
        "type": "benign",
        "resp": "{\"approved\":\"true\",\"authorization\":5312628673382793}"
    },
    "8ace4fd6-0dda-406d-ad11-1c2d0ad1d909": {
        "type": "benign",
        "resp": "{\"approved\":\"true\",\"authorization\":6306504455405787}"
    },
    "6fe07728-4ffe-4ee2-884a-12ded89255f5": {
        "type": "benign",
        "resp": "{\"approved\":\"true\",\"authorization\":8277228822816351}"
    },
    "79c07e96-8938-4ddf-8182-c1b5912d01b3": {
        "type": "benign",
        "resp": "{\"approved\":\"true\",\"authorization\":4730907793904725}"
    },
    "dab49b14-b66f-40ba-9688-8d0732b78387": {
        "type": "benign",
        "resp": "{\"approved\":\"true\",\"authorization\":3138545826836691}"
    },
    "ef4c0081-81e0-459b-8dff-bdda8c898a2f": {
        "type": "benign",
        "resp": "{\"approved\":\"true\",\"authorization\":735736625223527}"
    },
    "74d54004-f5c6-4c47-ae3a-f93852a0a559": {
        "type": "benign",
        "resp": "{\"approved\":\"true\",\"authorization\":8174987358406839}"
    },
    "ac862d9d-ecf1-477c-a41a-eeb26b637f63": {
        "type": "benign",
        "resp": "{\"approved\":\"true\",\"authorization\":2440518736843827}"
    },
    "fb5f663a-ca0d-482a-94d2-8e60900e62fe": {
        "type": "benign",
        "resp": "{\"approved\":\"true\",\"authorization\":3400706277276131}"
    },
    "7980e8f1-fcaa-4de7-a1cd-37e5062147db": {
        "type": "benign",
        "resp": "{\"approved\":\"true\",\"authorization\":1031154578597747}"
    },
    "144e86cd-697f-4d3c-9c54-7121d23521bf": {
        "type": "benign",
        "resp": "{\"approved\":\"true\",\"authorization\":289139853181761}"
    },
    "a724dfa1-b89c-412a-966d-26599363c8fa": {
        "type": "benign",
        "resp": "{\"approved\":\"true\",\"authorization\":1470545368095839}"
    },
    "a7b73d18-6be3-4be4-80b2-bdda012c159a": {
        "type": "benign",
        "resp": "{\"approved\":\"true\",\"authorization\":6849508130081025}"
    },
    "4190ad06-43e9-46ab-9fab-d08e93358279": {
        "type": "benign",
        "resp": "{\"approved\":\"true\",\"authorization\":3802259179436927}"
    },
    "90b3b7f1-a103-44ef-a8ee-abaa5a126cd0": {
        "type": "benign",
        "resp": "{\"approved\":\"true\",\"authorization\":7724640683043183}"
    },
    "d2e838eb-a1d0-456b-9ca9-2f95bd924594": {
        "type": "benign",
        "resp": "{\"approved\":\"true\",\"authorization\":770506014653975}"
    },
    "ebab4548-60a7-440c-a0e2-4873019fffed": {
        "type": "benign",
        "resp": "{\"approved\":\"true\",\"authorization\":2052360631261067}"
    },
    "acea38ca-067f-4f8e-98e5-ee37d43a4394": {
        "type": "benign",
        "resp": "{\"approved\":\"true\",\"authorization\":7897867788649261}"
    },
    "66d3658c-a87c-4bb4-b395-718f3701f645": {
        "type": "benign",
        "resp": "{\"approved\":\"true\",\"authorization\":180135547940873}"
    },
    "1dc13d14-5fab-4bcd-b99a-5cf10f1ca2ce": {
        "type": "benign",
        "resp": "{\"approved\":\"true\",\"authorization\":8268905177420073}"
    },
    "0f397a83-d6a0-4a1d-b5d4-741362a526cf": {
        "type": "benign",
        "resp": "{\"approved\":\"true\",\"authorization\":7635913053966893}"
    },
    "e59e1044-e053-43a9-a324-aba3b8293d3f": {
        "type": "benign",
        "resp": "{\"approved\":\"true\",\"authorization\":1892343610097865}"
    },
    "878338d1-33b5-426d-8b41-ad31c2ce2019": {
        "type": "benign",
        "resp": "{\"approved\":\"true\",\"authorization\":5045555654422787}"
    },
    "71436ce3-e6da-47d6-9c85-6242f7d5c5bb": {
        "type": "benign",
        "resp": "{\"approved\":\"true\",\"authorization\":6588807986823257}"
    },
    "68723c9c-dbf5-4d67-983e-39e925829f34": {
        "type": "benign",
        "resp": "{\"approved\":\"true\",\"authorization\":5536529010342169}"
    },
    "051868fd-ec49-427a-86d1-b91c7e7e349f": {
        "type": "benign",
        "resp": "{\"approved\":\"true\",\"authorization\":7925374784032625}"
    },
    "c0809bfb-a518-4d97-b94e-35eb33588270": {
        "type": "benign",
        "resp": "{\"approved\":\"true\",\"authorization\":2228664324089}"
    },
    "7a0d4752-c510-48aa-a85d-1c684cfcf8f1": {
        "type": "benign",
        "resp": "{\"approved\":\"true\",\"authorization\":8207787616247375}"
    },
    "ba28dbb8-40b1-4782-8658-b1d19ee86c76": {
        "type": "benign",
        "resp": "{\"approved\":\"true\",\"authorization\":5926068357806303}"
    },
    "8f41948e-2355-4948-93c6-e3731dd13778": {
        "type": "benign",
        "resp": "{\"approved\":\"true\",\"authorization\":3933972189076039}"
    },
    "97717679-aed7-4552-8416-ac29e79d61bf": {
        "type": "benign",
        "resp": "{\"approved\":\"true\",\"authorization\":4793137190492961}"
    },
    "8a5813c9-e11c-499e-ae7a-4a1f506b1a19": {
        "type": "benign",
        "resp": "{\"approved\":\"true\",\"authorization\":178109333566303}"
    },
    "606af416-da54-4b06-844e-dee743e2361e": {
        "type": "benign",
        "resp": "{\"approved\":\"true\",\"authorization\":2476770326363301}"
    },
    "d6afc358-81f4-41e1-bf06-17421b3809e8": {
        "type": "benign",
        "resp": "{\"approved\":\"true\",\"authorization\":6070082114680521}"
    },
    "6b7d52e3-9ac0-4fd2-9595-6087fab459fd": {
        "type": "benign",
        "resp": "{\"approved\":\"true\",\"authorization\":8719577328667923}"
    },
    "fb51d7c0-9ac2-4171-aa0a-fccc46539b57": {
        "type": "attack",
        "resp": "{\"data\":\"username=test1\\npassword=test2\"}"
    },
    "8b407421-d3a6-42dc-9fb7-49ad35e707b1": {
        "type": "benign",
        "resp": "{\"approved\":\"true\",\"authorization\":2445198436983265}"
    },
    "84503343-477d-4941-a7f6-36f8883797c9": {
        "type": "benign",
        "resp": "{\"approved\":\"true\",\"authorization\":2145713702755719}"
    },
    "d246be1e-3e56-4355-aff1-bb3189e21d0b": {
        "type": "benign",
        "resp": "{\"approved\":\"true\",\"authorization\":2408405811038065}"
    },
    "cba13810-a6e7-47f3-86c1-874b99659933": {
        "type": "benign",
        "resp": "{\"approved\":\"true\",\"authorization\":2385799461981563}"
    },
    "1a799cd8-32e4-405c-a85c-5905a8987af6": {
        "type": "benign",
        "resp": "{\"approved\":\"true\",\"authorization\":4888782782259907}"
    },
    "7b5b60ab-578e-48f2-9a6a-44e471aaf89f": {
        "type": "benign",
        "resp": "{\"approved\":\"true\",\"authorization\":3388577905660925}"
    },
    "945d913c-4ce1-4378-bfe4-3a04aacd166f": {
        "type": "benign",
        "resp": "{\"approved\":\"true\",\"authorization\":1877681308017769}"
    },
    "db0195ff-36e4-4a47-a60b-35de17fa7faf": {
        "type": "benign",
        "resp": "{\"approved\":\"true\",\"authorization\":5176715392891273}"
    },
    "442d8557-25fa-446b-9c0a-2527302d31fc": {
        "type": "benign",
        "resp": "{\"approved\":\"true\",\"authorization\":5352324048699435}"
    }
}