{
    "49a6ea0b-5100-491f-a7dd-802f5db58bc0": {
        "type": "benign",
        "resp": "{\"approved\":\"true\",\"authorization\":5001723652516543}"
    },
    "8631a0fd-0bd6-4d5d-9b1d-bc4c917d8382": {
        "type": "benign",
        "resp": "{\"approved\":\"true\",\"authorization\":1900567972270847}"
    },
    "2a2c8066-16ac-4440-b24b-25dc2c1b23ee": {
        "type": "benign",
        "resp": "{\"approved\":\"true\",\"authorization\":7162674539247831}"
    },
    "d76f3885-14ed-4991-97f7-87a24c221022": {
        "type": "attack",
        "resp": "{\"success\":\"true\",\"chargedAmount\":\"36.20\",\"authorization\":1234567890}"
    },
    "734e3959-2bc3-4ae9-90d6-ca3c42475390": {
        "type": "benign",
        "resp": "{\"approved\":\"true\",\"authorization\":3059293522692761}"
    },
    "e0799214-99f0-4313-a892-f490d574f9d9": {
        "type": "benign",
        "resp": "{\"approved\":\"true\",\"authorization\":4814444903447281}"
    },
    "93b2d426-0368-4f0e-8eff-4d4a47f73c40": {
        "type": "benign",
        "resp": "{\"approved\":\"true\",\"authorization\":3913594223296111}"
    },
    "264cf070-46a3-4cc0-8ffb-4ea3cdcdaed6": {
        "type": "benign",
        "resp": "{\"approved\":\"true\",\"authorization\":2090580177294251}"
    },
    "ccfbdf9e-2172-4a3f-9883-0d25102a1247": {
        "type": "benign",
        "resp": "{\"approved\":\"false\",\"failureReason\":\"Credit card authorization failed\"}"
    },
    "218ab511-c322-4c27-8a40-b7076680546e": {
        "type": "benign",
        "resp": "{\"approved\":\"true\",\"authorization\":1542474773815367}"
    },
    "5771c48a-5f4e-414c-9aea-364fe0daed5b": {
        "type": "benign",
        "resp": "{\"approved\":\"true\",\"authorization\":5092551844305703}"
    },
    "351900dc-1519-4c9f-bbcb-d58bbcbc4127": {
        "type": "benign",
        "resp": "{\"approved\":\"true\",\"authorization\":7568383954484617}"
    },
    "9179499e-58ab-4226-aaab-a506323650b7": {
        "type": "benign",
        "resp": "{\"approved\":\"true\",\"authorization\":7710347307921247}"
    },
    "15affba9-20b4-4fde-9465-c4e90800d9b5": {
        "type": "benign",
        "resp": "{\"approved\":\"true\",\"authorization\":1441432470024321}"
    },
    "5f37a019-cc21-4b5e-b372-3f294a4c375f": {
        "type": "benign",
        "resp": "{\"approved\":\"true\",\"authorization\":6033660138228727}"
    },
    "43ba84a5-d032-4f6f-a762-eb85f0f6b2c7": {
        "type": "benign",
        "resp": "{\"approved\":\"true\",\"authorization\":6493741786104723}"
    },
    "3ee96583-65cd-4e1f-81d2-886a60e704e3": {
        "type": "benign",
        "resp": "{\"approved\":\"true\",\"authorization\":1896857906974151}"
    },
    "72267915-de1e-4365-bdf9-4ee15f5ec763": {
        "type": "benign",
        "resp": "{\"approved\":\"true\",\"authorization\":3156511557792411}"
    },
    "060277f1-7b32-4df4-984a-21073eb0c5a0": {
        "type": "benign",
        "resp": "{\"approved\":\"true\",\"authorization\":7474798320181621}"
    },
    "23d3e614-d6e4-4220-9b05-6e601451aa05": {
        "type": "benign",
        "resp": "{\"approved\":\"true\",\"authorization\":1646804606201531}"
    },
    "e48fe9a4-6bda-4e6d-8be3-0e3a5ccb2b32": {
        "type": "benign",
        "resp": "{\"approved\":\"true\",\"authorization\":7982076287461335}"
    },
    "0a25d625-cbb5-4d21-8678-4c7cefd8b64f": {
        "type": "benign",
        "resp": "{\"approved\":\"true\",\"authorization\":6883433649301167}"
    },
    "b2050dd1-4f50-4571-ae73-fbd945ddbb96": {
        "type": "benign",
        "resp": "{\"approved\":\"true\",\"authorization\":4972411092563069}"
    },
    "7672bf1c-6feb-47b1-a54a-3a5a01c1b0ac": {
        "type": "benign",
        "resp": "{\"approved\":\"true\",\"authorization\":5660260157614955}"
    },
    "a3e7d005-e3a4-4527-9a90-c5e8d97d4427": {
        "type": "benign",
        "resp": "{\"approved\":\"true\",\"authorization\":3358357919784005}"
    },
    "f3efd958-9854-4bcf-8f86-c7890a7b1517": {
        "type": "benign",
        "resp": "{\"approved\":\"true\",\"authorization\":7011667619209393}"
    },
    "1db3453b-8ba8-4c7e-946c-683c1b266ebe": {
        "type": "benign",
        "resp": "{\"approved\":\"true\",\"authorization\":8559037090079349}"
    },
    "1d1dc78a-a04c-4956-8d8f-492f44b231e3": {
        "type": "benign",
        "resp": "{\"approved\":\"true\",\"authorization\":1269513893510859}"
    },
    "934f4204-11d5-4d7b-818a-79184707941e": {
        "type": "benign",
        "resp": "{\"approved\":\"true\",\"authorization\":6366801849547639}"
    },
    "8b3da41e-7cfc-4a58-a3a9-59df741316fa": {
        "type": "benign",
        "resp": "{\"approved\":\"true\",\"authorization\":704985596185649}"
    },
    "965c7ace-b97e-4ddd-a83d-7d53b00753d0": {
        "type": "benign",
        "resp": "{\"approved\":\"false\",\"failureReason\":\"Credit card authorization failed\"}"
    },
    "bfc01ade-eac4-41f5-91fb-be8554131713": {
        "type": "benign",
        "resp": "{\"approved\":\"true\",\"authorization\":7895107091642615}"
    },
    "17832711-3619-4af8-b51e-1aea5be51a3c": {
        "type": "benign",
        "resp": "{\"approved\":\"true\",\"authorization\":6985519491281269}"
    },
    "1f06bda7-346c-4fe7-a62d-2ac7d947b76f": {
        "type": "benign",
        "resp": "{\"approved\":\"true\",\"authorization\":8574815004697827}"
    },
    "90dc9338-9216-4315-8bbe-23a815ba55fc": {
        "type": "benign",
        "resp": "{\"approved\":\"true\",\"authorization\":2368533648624633}"
    },
    "9e0fcf50-cea3-4db3-9883-7365e029f675": {
        "type": "benign",
        "resp": "{\"approved\":\"true\",\"authorization\":3842891270009489}"
    },
    "5f41f6d6-6e50-4a95-b4a8-b596acb68985": {
        "type": "benign",
        "resp": "{\"approved\":\"true\",\"authorization\":8753712204386935}"
    },
    "922281fd-b148-4166-85b0-32e895a529ee": {
        "type": "benign",
        "resp": "{\"approved\":\"true\",\"authorization\":8566968274456001}"
    },
    "786b68f1-4d88-45a6-b5ff-1f53a5651d18": {
        "type": "benign",
        "resp": "{\"approved\":\"true\",\"authorization\":7794800596734341}"
    },
    "11df3f38-53b5-4770-bbb5-0caea5d5f2d3": {
        "type": "benign",
        "resp": "{\"approved\":\"true\",\"authorization\":1896076858416395}"
    },
    "c712b5f7-62d8-4ed9-bd3c-56770b717d72": {
        "type": "benign",
        "resp": "{\"approved\":\"true\",\"authorization\":6312129080899645}"
    },
    "c239bcfe-1122-473d-8ad1-4bbdc47c81c8": {
        "type": "benign",
        "resp": "{\"approved\":\"true\",\"authorization\":56818267908793}"
    },
    "db6ed1ee-f267-4e4c-b4af-4bf2861876bc": {
        "type": "benign",
        "resp": "{\"approved\":\"true\",\"authorization\":6993420320832257}"
    },
    "47c8ac41-718e-41d5-a2f6-8aff49e0e75d": {
        "type": "benign",
        "resp": "{\"approved\":\"true\",\"authorization\":5846136762716657}"
    },
    "0871eab3-fe65-4712-beaa-e917b59b3e44": {
        "type": "benign",
        "resp": "{\"approved\":\"true\",\"authorization\":6363079825983577}"
    },
    "801b9da7-788d-45c2-b0aa-2d738be4d146": {
        "type": "benign",
        "resp": "{\"approved\":\"true\",\"authorization\":6644633300770405}"
    },
    "3cc70947-0c99-4c8c-a572-3877e910984a": {
        "type": "benign",
        "resp": "{\"approved\":\"true\",\"authorization\":4894238964934843}"
    },
    "035be047-004c-4f14-8760-b67f4d784178": {
        "type": "benign",
        "resp": "{\"approved\":\"true\",\"authorization\":1996395695792645}"
    },
    "404cdcf5-0e37-41c8-b501-ecfcc56e803b": {
        "type": "benign",
        "resp": "{\"approved\":\"true\",\"authorization\":4982584495066277}"
    },
    "455b2781-de59-476e-b55a-29d147e3b356": {
        "type": "benign",
        "resp": "{\"approved\":\"true\",\"authorization\":1953713713856547}"
    }
}