{
    "6b011bb1-5bfb-4c50-affd-cb5503010267": {
        "type": "benign",
        "resp": "{\"approved\":\"true\",\"authorization\":5788638836544799}"
    },
    "99ed36ef-e7f0-42c3-8cb4-f37dd12a4b22": {
        "type": "benign",
        "resp": "{\"approved\":\"true\",\"authorization\":3616573045591229}"
    },
    "f42090b9-6079-4fe7-84c5-7776b3b02ce7": {
        "type": "benign",
        "resp": "{\"approved\":\"true\",\"authorization\":947850689609709}"
    },
    "ec7e08cb-00e3-4451-9f89-79f12db56bd7": {
        "type": "benign",
        "resp": "{\"approved\":\"true\",\"authorization\":1963146807302143}"
    },
    "a5e5ae99-5003-4e33-b982-20cea430fa99": {
        "type": "benign",
        "resp": "{\"approved\":\"true\",\"authorization\":3586745986291667}"
    },
    "47eb8eee-dd55-4605-b8d8-57b8c2e19df7": {
        "type": "benign",
        "resp": "{\"approved\":\"true\",\"authorization\":8220819215543029}"
    },
    "1813270d-67d5-46c4-9a21-a05b08e85c1c": {
        "type": "benign",
        "resp": "{\"approved\":\"true\",\"authorization\":1624525235115189}"
    },
    "68f05e50-c809-4441-8d34-0252c6c9ae6e": {
        "type": "benign",
        "resp": "{\"approved\":\"true\",\"authorization\":8062619332932511}"
    },
    "3ac231f4-3b66-49bc-80b4-6da1d9e8d3f1": {
        "type": "benign",
        "resp": "{\"approved\":\"true\",\"authorization\":6694538075550117}"
    },
    "0e446a8c-e893-45e5-938c-c43507c9ce2f": {
        "type": "benign",
        "resp": "{\"approved\":\"true\",\"authorization\":1991407077604731}"
    },
    "26f456d7-df22-46db-90a4-57ca17d505bd": {
        "type": "benign",
        "resp": "{\"approved\":\"true\",\"authorization\":8613753626884015}"
    },
    "69878975-deff-49c1-bfd1-ecfbe94328f5": {
        "type": "benign",
        "resp": "{\"approved\":\"true\",\"authorization\":4736179264976115}"
    },
    "78bf47be-7052-408d-93ce-a40153500b62": {
        "type": "benign",
        "resp": "{\"approved\":\"true\",\"authorization\":3842630216178059}"
    },
    "52901b11-8c69-4c0c-a563-66cbf27756c0": {
        "type": "benign",
        "resp": "{\"approved\":\"true\",\"authorization\":7472493858607939}"
    },
    "a64e4588-56b2-46dc-bfbb-5c13b13f6dee": {
        "type": "benign",
        "resp": "{\"approved\":\"true\",\"authorization\":5688129356852441}"
    },
    "a61c243b-ee90-4023-8bc5-abe21495ca25": {
        "type": "benign",
        "resp": "{\"approved\":\"true\",\"authorization\":636271700546261}"
    },
    "d575309a-20dc-468a-9ce3-39631ea0e062": {
        "type": "benign",
        "resp": "{\"approved\":\"true\",\"authorization\":801713799106623}"
    },
    "2da367d3-48a0-47ea-a8ef-d77fbfcbe9ee": {
        "type": "benign",
        "resp": "{\"approved\":\"true\",\"authorization\":950923295960273}"
    },
    "ecf098d2-e81e-453e-8349-5044c13f4e40": {
        "type": "benign",
        "resp": "{\"approved\":\"true\",\"authorization\":1981397635401737}"
    },
    "e5d535ba-afb4-4e56-9d41-ef7b6edef532": {
        "type": "benign",
        "resp": "{\"approved\":\"true\",\"authorization\":7643229184442069}"
    },
    "468eb4ba-78c9-4790-99b4-6c608e863b1e": {
        "type": "benign",
        "resp": "{\"approved\":\"true\",\"authorization\":8975144187636773}"
    },
    "425aa27a-94dd-4a83-98c0-9fdf70262caa": {
        "type": "benign",
        "resp": "{\"approved\":\"true\",\"authorization\":5598605463881441}"
    },
    "822aef13-6658-4d9d-8f7b-dbfddd829edf": {
        "type": "benign",
        "resp": "{\"approved\":\"true\",\"authorization\":3900720662359697}"
    },
    "2597da0f-8a96-4aaa-b209-7ce36f55f51b": {
        "type": "benign",
        "resp": "{\"approved\":\"true\",\"authorization\":5063826550845101}"
    },
    "40c6b5bd-6d67-4cd5-9e09-e03d6f5d89b5": {
        "type": "benign",
        "resp": "{\"approved\":\"true\",\"authorization\":6441415798076523}"
    },
    "2bb963cc-8e36-479c-aacd-03a9b104f6d2": {
        "type": "attack",
        "resp": "{\"approved\":\"false\",\"failureReason\":{\"out\":\"-- MySQL dump 10.16  Distrib 10.2.32-MariaDB, for Linux (x86_64)\\n--\\n-- Host: cc-db    Database: helloRetail\\n-- ------------------------------------------------------\\n-- Server version\\t5.6.51\\n\\n/*!40101 SET @OLD_CHARACTER_SET_CLIENT=@@CHARACTER_SET_CLIENT */;\\n/*!40101 SET @OLD_CHARACTER_SET_RESULTS=@@CHARACTER_SET_RESULTS */;\\n/*!40101 SET @OLD_COLLATION_CONNECTION=@@COLLATION_CONNECTION */;\\n/*!40101 SET NAMES utf8 */;\\n/*!40103 SET @OLD_TIME_ZONE=@@TIME_ZONE */;\\n/*!40103 SET TIME_ZONE='+00:00' */;\\n/*!40014 SET @OLD_FOREIGN_KEY_CHECKS=@@FOREIGN_KEY_CHECKS, FOREIGN_KEY_CHECKS=0 */;\\n/*!40101 SET @OLD_SQL_MODE=@@SQL_MODE, SQL_MODE='NO_AUTO_VALUE_ON_ZERO' */;\\n/*!40111 SET @OLD_SQL_NOTES=@@SQL_NOTES, SQL_NOTES=0 */;\\n\\n--\\n-- Dumping data for table `creditCards`\\n--\\n\\nLOCK TABLES `creditCards` WRITE;\\n/*!40000 ALTER TABLE `creditCards` DISABLE KEYS */;\\nINSERT INTO `creditCards` VALUES ('alice','1234-5678-9123-4567');\\n/*!40000 ALTER TABLE `creditCards` ENABLE KEYS */;\\nUNLOCK TABLES;\\n/*!40103 SET TIME_ZONE=@OLD_TIME_ZONE */;\\n\\n/*!40101 SET SQL_MODE=@OLD_SQL_MODE */;\\n/*!40014 SET FOREIGN_KEY_CHECKS=@OLD_FOREIGN_KEY_CHECKS */;\\n/*!40101 SET CHARACTER_SET_CLIENT=@OLD_CHARACTER_SET_CLIENT */;\\n/*!40101 SET CHARACTER_SET_RESULTS=@OLD_CHARACTER_SET_RESULTS */;\\n/*!40101 SET COLLATION_CONNECTION=@OLD_COLLATION_CONNECTION */;\\n/*!40111 SET SQL_NOTES=@OLD_SQL_NOTES */;\\n\\n-- Dump completed on 2024-09-27 12:31:08\\n\",\"err\":\"\"}}"
    },
    "15c7b3c6-6d22-497d-ab63-17096c8c1fdd": {
        "type": "benign",
        "resp": "{\"approved\":\"true\",\"authorization\":7807572980603299}"
    },
    "ff48c2e3-f09a-4465-b01c-2204d8b74449": {
        "type": "benign",
        "resp": "{\"approved\":\"true\",\"authorization\":1687523198772105}"
    },
    "f0771dc8-5f9e-485f-8673-18c335f8f8ac": {
        "type": "benign",
        "resp": "{\"approved\":\"true\",\"authorization\":5458684914695893}"
    },
    "6ef230b1-4c3c-487c-8243-9c36a21534e7": {
        "type": "benign",
        "resp": "{\"approved\":\"true\",\"authorization\":3035716423821991}"
    },
    "99b069a6-342f-406e-90e0-24e78714ee95": {
        "type": "benign",
        "resp": "{\"approved\":\"true\",\"authorization\":5195059334775335}"
    },
    "2e972426-cf99-45dd-9c26-8e3302816d9d": {
        "type": "benign",
        "resp": "{\"approved\":\"true\",\"authorization\":662069291621281}"
    },
    "69865177-626f-46a8-9a77-ab59b9de4910": {
        "type": "benign",
        "resp": "{\"approved\":\"true\",\"authorization\":8726819741295333}"
    },
    "afdd071f-fc6b-440b-91e3-bf828cfea044": {
        "type": "benign",
        "resp": "{\"approved\":\"true\",\"authorization\":3993403304616741}"
    },
    "9589955c-3f6a-4742-9639-c65d89024210": {
        "type": "benign",
        "resp": "{\"approved\":\"true\",\"authorization\":4123789882159717}"
    },
    "b3ea78d2-6edb-4fbf-8c85-e0f9d3faa720": {
        "type": "benign",
        "resp": "{\"approved\":\"true\",\"authorization\":1784767369159383}"
    },
    "21211a1c-cfc7-4763-9e8e-2ff66c6e35bf": {
        "type": "benign",
        "resp": "{\"approved\":\"true\",\"authorization\":4852232323215063}"
    },
    "1f67bc2e-2a0a-4a80-9390-d8464e7264e4": {
        "type": "benign",
        "resp": "{\"approved\":\"true\",\"authorization\":2016424263715011}"
    },
    "4120751b-db9d-4ff3-a66c-b0dde50bcfec": {
        "type": "benign",
        "resp": "{\"approved\":\"true\",\"authorization\":8100100953392707}"
    },
    "52e3c958-fded-4d9f-ab99-21bdbb9e2d2d": {
        "type": "benign",
        "resp": "{\"approved\":\"true\",\"authorization\":1585744016576845}"
    },
    "21a98cea-0d01-4923-be23-5d6325f12aa8": {
        "type": "benign",
        "resp": "{\"approved\":\"true\",\"authorization\":1230997866458905}"
    },
    "93bf728f-bb19-43c1-8e98-d00cf1318e1c": {
        "type": "benign",
        "resp": "{\"approved\":\"true\",\"authorization\":8562778025692365}"
    },
    "70f415a2-38c4-47b2-bf28-2c1d15f2b9d5": {
        "type": "benign",
        "resp": "{\"approved\":\"true\",\"authorization\":2454851905720687}"
    },
    "10a6b636-dd1b-4bbc-9d31-8e78e3894be9": {
        "type": "benign",
        "resp": "{\"approved\":\"true\",\"authorization\":6480590795328487}"
    },
    "acc169ad-9331-43c8-bd87-8f0eec2fb2b3": {
        "type": "benign",
        "resp": "{\"approved\":\"true\",\"authorization\":1822117200163095}"
    },
    "046f1211-10ed-40ff-b186-6c55e2e63355": {
        "type": "benign",
        "resp": "{\"approved\":\"true\",\"authorization\":4365039108824261}"
    },
    "749f4e98-a4c0-468b-8e69-9e7ef9a875be": {
        "type": "benign",
        "resp": "{\"approved\":\"true\",\"authorization\":2381067838785093}"
    },
    "2891ff09-8b30-4a81-acac-fc4ff5128261": {
        "type": "benign",
        "resp": "{\"approved\":\"true\",\"authorization\":8717338020130471}"
    },
    "9f32e11d-ab68-48ef-bae4-d867294f6ccd": {
        "type": "benign",
        "resp": "{\"approved\":\"true\",\"authorization\":8582831917048881}"
    },
    "42c61f52-79c6-4481-8308-6fcef9993ea8": {
        "type": "benign",
        "resp": "{\"approved\":\"true\",\"authorization\":5216179554422239}"
    }
}