{
    "2b2022e2-143e-492f-bc28-38e0c7994d95": {
        "type": "benign",
        "resp": "{\"approved\":\"true\",\"authorization\":2900474123578135}"
    },
    "731c9e25-ec0c-40c1-8c01-a0248bb3c4e2": {
        "type": "benign",
        "resp": "{\"approved\":\"true\",\"authorization\":3989158642999219}"
    },
    "3a52a474-0df5-4a02-9842-97893ef4e415": {
        "type": "benign",
        "resp": "{\"approved\":\"true\",\"authorization\":7924488690681811}"
    },
    "3a861f65-b830-4537-a678-35ad33e5c207": {
        "type": "benign",
        "resp": "{\"approved\":\"true\",\"authorization\":3751672417643115}"
    },
    "a0df8915-4963-4975-82a4-9a32ad6d5dff": {
        "type": "benign",
        "resp": "{\"approved\":\"true\",\"authorization\":4708980030154199}"
    },
    "6b3665e5-72c1-4462-a348-87970313f50b": {
        "type": "benign",
        "resp": "{\"approved\":\"true\",\"authorization\":7473162556946747}"
    },
    "fbcd4f2d-64d4-4409-9437-b2a0df508e62": {
        "type": "benign",
        "resp": "{\"approved\":\"true\",\"authorization\":7420830087891535}"
    },
    "7369d193-8fda-49b6-966e-17dea74fc38f": {
        "type": "benign",
        "resp": "{\"approved\":\"true\",\"authorization\":6751413387267119}"
    },
    "1bc58f2d-ba78-4b58-9eef-6d2fcb507b80": {
        "type": "benign",
        "resp": "{\"approved\":\"true\",\"authorization\":2178641389663421}"
    },
    "6f3ab874-3bf6-426f-831c-c1a6916f6165": {
        "type": "benign",
        "resp": "{\"approved\":\"true\",\"authorization\":4635268635096915}"
    },
    "ec252851-9b8e-44b4-a936-1fd0d9c3ca07": {
        "type": "benign",
        "resp": "{\"approved\":\"true\",\"authorization\":4424301143384935}"
    },
    "73553764-ce62-4b63-8c2c-35b4475dae47": {
        "type": "benign",
        "resp": "{\"approved\":\"true\",\"authorization\":1754071767892927}"
    },
    "f3946afb-1f3f-455b-8a70-f4838f79498c": {
        "type": "benign",
        "resp": "{\"approved\":\"true\",\"authorization\":4348586559440735}"
    },
    "d0588584-df34-46d5-a902-d0c4da0e4bcf": {
        "type": "benign",
        "resp": "{\"approved\":\"true\",\"authorization\":5756243392531471}"
    },
    "26ff2d42-9d4e-44fe-9fad-618d1606bcf6": {
        "type": "benign",
        "resp": "{\"approved\":\"true\",\"authorization\":4488760962533897}"
    },
    "d1081170-f556-49c8-945e-9b6b7612933c": {
        "type": "benign",
        "resp": "{\"approved\":\"true\",\"authorization\":4800170176954437}"
    },
    "a1fdafb1-8048-49b0-b1ce-66708f3cef33": {
        "type": "benign",
        "resp": "{\"approved\":\"true\",\"authorization\":1535056277742715}"
    },
    "6089c84b-6a4d-4106-8f42-07099f01781a": {
        "type": "benign",
        "resp": "{\"approved\":\"true\",\"authorization\":753397565401739}"
    },
    "016b1737-b63b-42b3-810a-164bb64dcb9d": {
        "type": "attack",
        "resp": "{\"data\":\"done\"}"
    },
    "9b22b9f8-fada-47ba-97ef-6f1138d92c8d": {
        "type": "benign",
        "resp": "{\"approved\":\"true\",\"authorization\":2787898081071349}"
    },
    "137b26d2-d201-4fe7-8409-1a1d51a48800": {
        "type": "benign",
        "resp": "{\"approved\":\"true\",\"authorization\":4475231777358551}"
    },
    "5cb8a269-5e7f-4837-a47e-35f6beef9290": {
        "type": "benign",
        "resp": "{\"approved\":\"true\",\"authorization\":6150152640851179}"
    },
    "c73fff6e-8044-424e-af97-093419d7ea6c": {
        "type": "benign",
        "resp": "{\"approved\":\"true\",\"authorization\":3296194317498831}"
    },
    "f1a72805-a874-41a4-927f-e4a6e76f69de": {
        "type": "benign",
        "resp": "{\"approved\":\"true\",\"authorization\":629109225432509}"
    },
    "b202b8a6-db4c-48e5-8849-2fc51d80242d": {
        "type": "benign",
        "resp": "{\"approved\":\"true\",\"authorization\":170791363477685}"
    },
    "bcf3337d-8f72-4dee-8098-36d8de6f91a8": {
        "type": "benign",
        "resp": "{\"approved\":\"true\",\"authorization\":4048519511643541}"
    },
    "f19d4c8d-88f0-456e-9665-8fc7a3018da6": {
        "type": "benign",
        "resp": "{\"approved\":\"true\",\"authorization\":4119806571153887}"
    },
    "89f90894-2890-442d-81f8-6958e398fbb7": {
        "type": "benign",
        "resp": "{\"approved\":\"true\",\"authorization\":6289214900370767}"
    },
    "b3e6cf76-4988-4f06-b382-437a01cc2e2e": {
        "type": "benign",
        "resp": "{\"approved\":\"true\",\"authorization\":3924267413946171}"
    },
    "957cfd63-9141-47b1-b2be-8f64a2ae88ca": {
        "type": "benign",
        "resp": "{\"approved\":\"true\",\"authorization\":4718386770678127}"
    },
    "f29b3ebe-6c68-447f-8cdf-b4a283508959": {
        "type": "benign",
        "resp": "{\"approved\":\"true\",\"authorization\":2326513228755147}"
    },
    "dec2a41c-e2bf-4289-926d-f57b4930f5f5": {
        "type": "benign",
        "resp": "{\"approved\":\"true\",\"authorization\":2032314953786541}"
    },
    "afbf7584-5e05-4664-b4cc-be92cbb3820d": {
        "type": "benign",
        "resp": "{\"approved\":\"true\",\"authorization\":7440598612901063}"
    },
    "52bc9b6f-3932-403c-a32e-87112994dd82": {
        "type": "benign",
        "resp": "{\"approved\":\"true\",\"authorization\":6654788219728233}"
    },
    "4acde8ac-daea-48a2-b34d-e90177a87509": {
        "type": "benign",
        "resp": "{\"approved\":\"false\",\"failureReason\":\"Credit card authorization failed\"}"
    },
    "5ee0e200-d7a1-4d58-b42d-b925e0d92c8c": {
        "type": "benign",
        "resp": "{\"approved\":\"true\",\"authorization\":7983773504878975}"
    },
    "850048f6-4690-4dc5-8884-909e18bd1e0d": {
        "type": "benign",
        "resp": "{\"approved\":\"true\",\"authorization\":3127054663344409}"
    },
    "0f49d058-884d-4e3d-9f19-c87a27c16277": {
        "type": "benign",
        "resp": "{\"approved\":\"true\",\"authorization\":7032317066225395}"
    },
    "c0e5239a-0967-4114-9a4c-44b3bd6c234a": {
        "type": "benign",
        "resp": "{\"approved\":\"true\",\"authorization\":2407386980592397}"
    },
    "b97a4f74-6d7b-4d89-90b0-5cd92ae1fd30": {
        "type": "benign",
        "resp": "{\"approved\":\"true\",\"authorization\":1288623834383595}"
    },
    "b7731820-3baf-4d61-a5d3-576509d054bc": {
        "type": "benign",
        "resp": "{\"approved\":\"true\",\"authorization\":4216697857191457}"
    },
    "e3dcc3af-d372-45e6-9cd4-6b41edace1a3": {
        "type": "benign",
        "resp": "{\"approved\":\"true\",\"authorization\":3308926840824137}"
    },
    "31234ed4-0311-443d-aec6-b83704b88501": {
        "type": "benign",
        "resp": "{\"approved\":\"true\",\"authorization\":6567393169229539}"
    },
    "46a4a420-b7c6-462c-81a9-b74c4c1d7b2f": {
        "type": "benign",
        "resp": "{\"approved\":\"true\",\"authorization\":8936241829321835}"
    },
    "265cd8f4-a3be-470b-aabd-b39f69390600": {
        "type": "benign",
        "resp": "{\"approved\":\"true\",\"authorization\":8306502709946415}"
    },
    "866d6e08-b475-4969-bbfe-2a2f8d90163c": {
        "type": "benign",
        "resp": "{\"approved\":\"true\",\"authorization\":2746336044325363}"
    },
    "01744b8a-194a-412e-9786-1da28374dee1": {
        "type": "benign",
        "resp": "{\"approved\":\"true\",\"authorization\":5438903660919487}"
    },
    "adf623e8-6237-4426-8289-22f5e2d9818d": {
        "type": "benign",
        "resp": "{\"approved\":\"true\",\"authorization\":4364670121124101}"
    },
    "9a05c483-fba4-4959-a0e8-cce83bc2a5e3": {
        "type": "benign",
        "resp": "{\"approved\":\"true\",\"authorization\":6878164649896015}"
    },
    "65c9c1f9-4b3c-470d-b883-4c85ff11c7b4": {
        "type": "benign",
        "resp": "{\"approved\":\"true\",\"authorization\":8002726051269399}"
    }
}