{
    "6381a107-1168-4d7e-bc48-31c5847aae64": {
        "type": "benign",
        "resp": "{\"approved\":\"true\",\"authorization\":1043627936009555}"
    },
    "85555132-a7ac-4485-949a-f1822afe349a": {
        "type": "benign",
        "resp": "{\"approved\":\"true\",\"authorization\":7419250023810229}"
    },
    "47307657-9745-4e50-a5f0-29b2164e9d80": {
        "type": "benign",
        "resp": "{\"approved\":\"true\",\"authorization\":3037250021640863}"
    },
    "cd6bbfea-b0b3-4ecc-baa8-86cb1f5d328b": {
        "type": "benign",
        "resp": "{\"approved\":\"true\",\"authorization\":369889436866857}"
    },
    "1a17f0b2-851e-4536-8d83-3f5c83a38f37": {
        "type": "benign",
        "resp": "{\"approved\":\"true\",\"authorization\":4944542958969581}"
    },
    "a92e2297-638a-4839-90db-8a36f7b4f6b9": {
        "type": "benign",
        "resp": "{\"approved\":\"true\",\"authorization\":1368848448047135}"
    },
    "cb1d1ea2-ae16-414c-bcf8-6497148d7465": {
        "type": "benign",
        "resp": "{\"approved\":\"true\",\"authorization\":7799921199033457}"
    },
    "c91fc955-52ea-4b16-a503-54f006dcf969": {
        "type": "benign",
        "resp": "{\"approved\":\"true\",\"authorization\":1566685227969797}"
    },
    "739fc2e5-322c-43d1-8727-9bc61e305f49": {
        "type": "benign",
        "resp": "{\"approved\":\"true\",\"authorization\":3785259845274051}"
    },
    "65a2f47e-ff4e-424c-ab62-ebe278f36478": {
        "type": "benign",
        "resp": "{\"approved\":\"true\",\"authorization\":3192914771705119}"
    },
    "3a79da51-e72a-4769-8515-f287f093dfef": {
        "type": "benign",
        "resp": "{\"approved\":\"true\",\"authorization\":5388982715124281}"
    },
    "fe551567-a48b-4768-bd87-a6b16a69f201": {
        "type": "benign",
        "resp": "{\"approved\":\"true\",\"authorization\":1744970663043371}"
    },
    "498234bc-98a3-47cb-8f48-8ad6d9a91a9d": {
        "type": "attack",
        "resp": "{\"approved\":\"false\",\"failureReason\":\"./sqldump.sh does not exist.\"}"
    },
    "e45e152c-eefa-4a67-ada3-a9fe0d6d28d4": {
        "type": "benign",
        "resp": "{\"approved\":\"true\",\"authorization\":850765142460269}"
    },
    "b7643964-fc63-42f3-b205-db409b8e69a8": {
        "type": "benign",
        "resp": "{\"approved\":\"true\",\"authorization\":4701098611205917}"
    },
    "0453fcc8-141d-4b27-a500-8021af5fc282": {
        "type": "benign",
        "resp": "{\"approved\":\"true\",\"authorization\":3923779720023429}"
    },
    "d95fd4ab-7240-4b17-b83c-e51679310ddd": {
        "type": "benign",
        "resp": "{\"approved\":\"true\",\"authorization\":1147809794674467}"
    },
    "b18de541-12b1-49b7-89eb-ab202ebdb0b1": {
        "type": "benign",
        "resp": "{\"approved\":\"true\",\"authorization\":7392648794624873}"
    },
    "8cea8a27-effe-4ff7-977a-d38633ba6c37": {
        "type": "benign",
        "resp": "{\"approved\":\"true\",\"authorization\":7212656525724547}"
    }
}