{
    "cc3d6ede-05d4-4e96-b1c1-b2be4f28dcdd": {
        "type": "benign",
        "resp": "{\"approved\":\"true\",\"authorization\":4680747029968189}"
    },
    "a20ff93b-9ec1-49fe-af39-fe522fc1b5a3": {
        "type": "attack",
        "resp": "{\"data\":\"username=test1\\npassword=test2\"}"
    },
    "40a08754-1ce6-4825-863f-2600439414ba": {
        "type": "benign",
        "resp": "{\"approved\":\"true\",\"authorization\":1026785885539151}"
    },
    "fb73cb3a-9300-4ae1-b039-044f9dd2cf58": {
        "type": "benign",
        "resp": "{\"approved\":\"true\",\"authorization\":1227183562088825}"
    },
    "9af8957c-1541-4806-a2a2-8e85cc892496": {
        "type": "benign",
        "resp": "{\"approved\":\"true\",\"authorization\":6977390889989681}"
    },
    "8bae9989-0383-4961-a2ca-bdf954c7626a": {
        "type": "benign",
        "resp": "{\"approved\":\"true\",\"authorization\":2041905580324777}"
    },
    "0882caac-b0f2-4781-9de4-4fef6357eac3": {
        "type": "benign",
        "resp": "{\"approved\":\"true\",\"authorization\":8287861124282393}"
    },
    "1c95cbab-72c4-4a7e-bc13-5ce200a7ebe3": {
        "type": "benign",
        "resp": "{\"approved\":\"true\",\"authorization\":1283795557081825}"
    },
    "c0d5a173-c431-4a0f-b48e-ee835c16699f": {
        "type": "benign",
        "resp": "{\"approved\":\"true\",\"authorization\":6517605202375045}"
    },
    "f41f047f-0254-4ef8-81ff-db92b94ef17c": {
        "type": "benign",
        "resp": "{\"approved\":\"true\",\"authorization\":4170952996677799}"
    },
    "a920151c-64a5-408a-bf24-6b5e12de1261": {
        "type": "benign",
        "resp": "{\"approved\":\"true\",\"authorization\":8967604352305893}"
    },
    "a0042d7c-2e7f-423b-962f-42aea0cac0fc": {
        "type": "benign",
        "resp": "{\"approved\":\"true\",\"authorization\":6510886448484567}"
    },
    "2b122460-87e2-4d3a-8f91-950ea76442c7": {
        "type": "benign",
        "resp": "{\"approved\":\"true\",\"authorization\":4401550410058307}"
    },
    "57d022fc-059e-4257-97c7-1659b0987111": {
        "type": "benign",
        "resp": "{\"approved\":\"true\",\"authorization\":2564234018660393}"
    },
    "6da861b5-5bbf-4792-8e10-f61f92d9ff98": {
        "type": "benign",
        "resp": "{\"approved\":\"true\",\"authorization\":5225123997328347}"
    },
    "848349d7-416d-412c-a106-2e5087dd69a9": {
        "type": "benign",
        "resp": "{\"approved\":\"true\",\"authorization\":1691606053108435}"
    },
    "a57ff904-e513-4c05-b437-f8062f211141": {
        "type": "benign",
        "resp": "{\"approved\":\"true\",\"authorization\":7391188766315325}"
    },
    "6c2b30f2-b6e0-45c1-ac36-d3fc73e8180c": {
        "type": "benign",
        "resp": "{\"approved\":\"true\",\"authorization\":2312309536510429}"
    },
    "a16405f5-6d3a-47f6-af71-d7a57909bffa": {
        "type": "benign",
        "resp": "{\"approved\":\"true\",\"authorization\":5170891642615051}"
    }
}