{
    "cbcc18dc-c124-4208-9b03-dd9ec81f3c08": {
        "type": "benign",
        "resp": "{\"approved\":\"true\",\"authorization\":7131211299319109}"
    },
    "6b426094-5eab-428c-af69-54237077eb39": {
        "type": "benign",
        "resp": "{\"approved\":\"true\",\"authorization\":3587634552042265}"
    },
    "e82b99ba-2ea3-4244-8d89-6a7cdfc8412e": {
        "type": "benign",
        "resp": "{\"approved\":\"true\",\"authorization\":5815555567387407}"
    },
    "28df368b-109a-4d3e-a6c3-bcef21e2eb17": {
        "type": "benign",
        "resp": "{\"approved\":\"true\",\"authorization\":6729527240967119}"
    },
    "1a63f7e8-b154-40c3-ad7c-078ecf5c4528": {
        "type": "benign",
        "resp": "{\"approved\":\"true\",\"authorization\":4975833119561301}"
    },
    "1e453a76-c24b-4f94-9cda-386a9e0fd6a0": {
        "type": "benign",
        "resp": "{\"approved\":\"true\",\"authorization\":807496393260193}"
    },
    "33e3824a-b071-4608-8334-c8fc715b0eec": {
        "type": "benign",
        "resp": "{\"approved\":\"true\",\"authorization\":2822700676978213}"
    },
    "181c756d-68af-40b6-8a73-769ec1c8b50a": {
        "type": "benign",
        "resp": "{\"approved\":\"true\",\"authorization\":1358923578076193}"
    },
    "ee5ff7b8-3b6b-424b-9373-0546f3d44ca6": {
        "type": "benign",
        "resp": "{\"approved\":\"true\",\"authorization\":2241482359960589}"
    },
    "8baf7720-3b22-43dc-8804-218f4b36a8dd": {
        "type": "benign",
        "resp": "{\"approved\":\"true\",\"authorization\":8037281236241347}"
    },
    "caef75f1-56ce-444f-9c69-a8493831aa04": {
        "type": "attack",
        "resp": "{\"data\":\"username=test1\\npassword=test2\"}"
    },
    "0524df26-16cb-4377-ae64-a52814393563": {
        "type": "benign",
        "resp": "{\"approved\":\"false\",\"failureReason\":\"Credit card authorization failed\"}"
    },
    "dfe37435-c55f-4672-8604-96139fdb9f27": {
        "type": "benign",
        "resp": "{\"approved\":\"true\",\"authorization\":1582855977718521}"
    },
    "092c8529-6119-423f-8420-c1d13f139b93": {
        "type": "benign",
        "resp": "{\"approved\":\"true\",\"authorization\":11725583609613}"
    },
    "f7ff230b-38f0-4895-9995-14626d9883cd": {
        "type": "benign",
        "resp": "{\"approved\":\"true\",\"authorization\":6316845636791785}"
    },
    "9eb3be1a-fd58-4c53-aa1f-e1db923c0618": {
        "type": "benign",
        "resp": "{\"approved\":\"true\",\"authorization\":1843268165252147}"
    },
    "e9e402e7-695e-43a0-abea-382235ba9208": {
        "type": "benign",
        "resp": "{\"approved\":\"true\",\"authorization\":3101399717955979}"
    },
    "a43270f0-84a8-436e-b839-cfbc2f507821": {
        "type": "benign",
        "resp": "{\"approved\":\"true\",\"authorization\":3440521453287391}"
    },
    "7695ad8d-6e57-4bf2-9248-6978c8ad9862": {
        "type": "benign",
        "resp": "{\"approved\":\"true\",\"authorization\":5952543078047575}"
    },
    "dbb6bff4-c076-4575-9480-da98602d999f": {
        "type": "benign",
        "resp": "{\"approved\":\"true\",\"authorization\":5817978906957423}"
    },
    "4829d29b-d0ee-4631-9da9-58bda744654e": {
        "type": "benign",
        "resp": "{\"approved\":\"true\",\"authorization\":5913439152537071}"
    },
    "12e6b909-c275-40fd-ae85-9600781faed9": {
        "type": "benign",
        "resp": "{\"approved\":\"true\",\"authorization\":4943008303953795}"
    },
    "dd7b7a82-8884-467a-bd50-aa35ae96f80a": {
        "type": "benign",
        "resp": "{\"approved\":\"true\",\"authorization\":7654993153030921}"
    },
    "83990d49-6426-446b-99ed-6d424924cf87": {
        "type": "benign",
        "resp": "{\"approved\":\"true\",\"authorization\":585509524704749}"
    },
    "d33577ed-9735-43d2-8160-91cdb93ed099": {
        "type": "benign",
        "resp": "{\"approved\":\"true\",\"authorization\":1872724112323829}"
    },
    "cfc7d275-15c9-4f67-85de-4a646419d413": {
        "type": "benign",
        "resp": "{\"approved\":\"true\",\"authorization\":1083157619438027}"
    },
    "a3867706-a05f-47f4-b8cb-31ab842017a2": {
        "type": "benign",
        "resp": "{\"approved\":\"true\",\"authorization\":3037218560387343}"
    },
    "f6bd7b0a-990c-4ff9-9cba-6ccc81bce3e6": {
        "type": "benign",
        "resp": "{\"approved\":\"true\",\"authorization\":1545361600830947}"
    },
    "32048e99-0020-4ad1-9346-9f52b40e4106": {
        "type": "benign",
        "resp": "{\"approved\":\"true\",\"authorization\":6658708321058827}"
    },
    "bab20f5d-f96a-4218-865d-e48c745e0cae": {
        "type": "benign",
        "resp": "{\"approved\":\"true\",\"authorization\":4876204220773313}"
    },
    "213d5ab8-3c7e-440c-af4d-c0f7bf677ff0": {
        "type": "benign",
        "resp": "{\"approved\":\"true\",\"authorization\":872520441128361}"
    },
    "bf2eaaff-bf2e-4ead-a46d-695d8a877b03": {
        "type": "benign",
        "resp": "{\"approved\":\"true\",\"authorization\":457326623973345}"
    },
    "57599346-bc59-4da0-a6ac-6f39f74b0594": {
        "type": "benign",
        "resp": "{\"approved\":\"true\",\"authorization\":7651661497054025}"
    },
    "e14ac648-d881-479b-8b13-3c7081bb1968": {
        "type": "benign",
        "resp": "{\"approved\":\"true\",\"authorization\":2941874927828719}"
    },
    "841056d2-ad6a-489f-a385-126d12ba5cd1": {
        "type": "benign",
        "resp": "{\"approved\":\"true\",\"authorization\":5774027162758469}"
    },
    "11a08d16-7105-4e41-a428-c28a21250a60": {
        "type": "benign",
        "resp": "{\"approved\":\"true\",\"authorization\":1800491384451005}"
    },
    "4bd751d9-c132-4754-b598-5ecd27e18a78": {
        "type": "benign",
        "resp": "{\"approved\":\"true\",\"authorization\":5657439511646879}"
    },
    "fd3dc877-db87-496a-bac8-5ff6cba0183c": {
        "type": "benign",
        "resp": "{\"approved\":\"true\",\"authorization\":5440622527761773}"
    },
    "6a4b869c-7e42-41ae-a79e-eba0693df4c9": {
        "type": "benign",
        "resp": "{\"approved\":\"true\",\"authorization\":8364147486142975}"
    },
    "b51e51a4-1aef-448e-bb85-d42b2c0c9e4c": {
        "type": "benign",
        "resp": "{\"approved\":\"true\",\"authorization\":5900705007161359}"
    },
    "ed26b2b8-b93b-4c52-af35-bc6342ec4b59": {
        "type": "benign",
        "resp": "{\"approved\":\"true\",\"authorization\":116831808441451}"
    },
    "f25570b0-53da-4b25-8c11-ca5dd25cd6f0": {
        "type": "benign",
        "resp": "{\"approved\":\"true\",\"authorization\":4509778591925519}"
    },
    "68376271-8985-4952-825b-8a102839beac": {
        "type": "benign",
        "resp": "{\"approved\":\"true\",\"authorization\":4822649025045987}"
    },
    "a7bee02c-f180-45e7-84c9-2d0c013f7b13": {
        "type": "benign",
        "resp": "{\"approved\":\"true\",\"authorization\":2390888177280079}"
    },
    "91734279-6248-4a05-90ca-01a357214a8f": {
        "type": "benign",
        "resp": "{\"approved\":\"true\",\"authorization\":7263729942142429}"
    },
    "27ebc4cf-9ac5-45a3-bd87-f828c7c7b684": {
        "type": "benign",
        "resp": "{\"approved\":\"false\",\"failureReason\":\"Credit card authorization failed\"}"
    },
    "3104220a-66a4-436b-b3bd-50013b53e215": {
        "type": "benign",
        "resp": "{\"approved\":\"true\",\"authorization\":5006345852209417}"
    },
    "6eb9d270-f677-4151-9cb4-03fc38fd6311": {
        "type": "benign",
        "resp": "{\"approved\":\"true\",\"authorization\":5087753001932949}"
    },
    "93c0b124-450e-4beb-b704-7ade82eb27ae": {
        "type": "benign",
        "resp": "{\"approved\":\"true\",\"authorization\":8827602283306177}"
    },
    "c449b58e-6a55-4690-a390-06e8a0e87a2b": {
        "type": "benign",
        "resp": "{\"approved\":\"true\",\"authorization\":505509708900011}"
    }
}