{
    "177b044f-755b-4485-ac24-b26df4e1746b": {
        "type": "benign",
        "resp": "{\"approved\":\"true\",\"authorization\":7257311052835441}"
    },
    "6a5fe1fa-27a4-471b-a88a-299df1359125": {
        "type": "benign",
        "resp": "{\"approved\":\"true\",\"authorization\":1264850058875399}"
    },
    "c2bcbf7c-db8a-4cc2-9330-35193f07f768": {
        "type": "benign",
        "resp": "{\"approved\":\"true\",\"authorization\":1499716704830747}"
    },
    "655eef69-9407-470a-ae7c-efcbaf0e6215": {
        "type": "benign",
        "resp": "{\"approved\":\"true\",\"authorization\":3106200750784885}"
    },
    "b3d1262a-6714-420b-9162-87b84b9ec006": {
        "type": "benign",
        "resp": "{\"approved\":\"true\",\"authorization\":4656673878898935}"
    },
    "8c398052-6b0c-4fb7-8b6d-2ba23bd17795": {
        "type": "benign",
        "resp": "{\"approved\":\"true\",\"authorization\":5354667147713483}"
    },
    "2af3a7c9-97ed-4f03-a3d3-260798d1f181": {
        "type": "benign",
        "resp": "{\"approved\":\"true\",\"authorization\":524424118944797}"
    },
    "6a700f61-4e21-4ad2-ba6f-f55c701422fc": {
        "type": "benign",
        "resp": "{\"approved\":\"true\",\"authorization\":4793877793232665}"
    },
    "b5ec26e5-25e2-40bf-b18c-f0a21858587f": {
        "type": "benign",
        "resp": "{\"approved\":\"true\",\"authorization\":7992728478581013}"
    },
    "d192c61f-4b6d-4f1d-8e03-8cc360ac2d32": {
        "type": "benign",
        "resp": "{\"approved\":\"true\",\"authorization\":1182577621360077}"
    },
    "ef0cdb52-9b20-41a7-ab3d-447cab22e4fc": {
        "type": "benign",
        "resp": "{\"approved\":\"true\",\"authorization\":6278658492223781}"
    },
    "0e24ebce-2b82-474b-b4b7-684ecb2c862a": {
        "type": "benign",
        "resp": "{\"approved\":\"true\",\"authorization\":4924122619052251}"
    },
    "85356ff1-43cf-489b-8ff7-d67ce3a3ffba": {
        "type": "benign",
        "resp": "{\"approved\":\"true\",\"authorization\":2971006284216169}"
    },
    "112e1142-6328-42a8-9e07-eb70c74d4e2b": {
        "type": "benign",
        "resp": "{\"approved\":\"true\",\"authorization\":7392677857689647}"
    },
    "988bf6d4-6243-46fd-9b1d-300d9987a3ce": {
        "type": "benign",
        "resp": "{\"approved\":\"true\",\"authorization\":214475611192083}"
    },
    "7a328ace-a924-46e1-aec9-b086fb2115c1": {
        "type": "benign",
        "resp": "{\"approved\":\"true\",\"authorization\":7089099703829697}"
    },
    "df1cbd49-d39c-4f6d-bac9-b68319a9da6c": {
        "type": "benign",
        "resp": "{\"approved\":\"true\",\"authorization\":7759978064632631}"
    },
    "38a62f01-e199-4cc9-b68f-089590873ac5": {
        "type": "benign",
        "resp": "{\"approved\":\"true\",\"authorization\":8281749285303801}"
    },
    "fb9aab48-5c34-4ab8-b011-cae163cbac2e": {
        "type": "benign",
        "resp": "{\"approved\":\"true\",\"authorization\":613457489546239}"
    },
    "0e9788b8-5255-4fba-9c89-ca8ead446eb3": {
        "type": "benign",
        "resp": "{\"approved\":\"true\",\"authorization\":5451857004006677}"
    },
    "daa9a4db-44e5-48b6-b251-5e7d538c6c50": {
        "type": "benign",
        "resp": "{\"approved\":\"true\",\"authorization\":8324393913046939}"
    },
    "a1010ab2-b176-4b7f-bc7d-d06ea0d4975c": {
        "type": "benign",
        "resp": "{\"approved\":\"true\",\"authorization\":3349552749432453}"
    },
    "e73d0f05-da76-42ce-83e5-c79695db6def": {
        "type": "benign",
        "resp": "{\"approved\":\"true\",\"authorization\":8483733677955173}"
    },
    "4072dece-b329-4e5e-bc09-167e8f6e0b52": {
        "type": "benign",
        "resp": "{\"approved\":\"true\",\"authorization\":1814011038603257}"
    },
    "1c68c124-7c9b-422d-bc73-ea3f0fe088f8": {
        "type": "benign",
        "resp": "{\"approved\":\"true\",\"authorization\":3305824958180993}"
    },
    "a180ec4a-e416-4691-8670-46aa2d998453": {
        "type": "benign",
        "resp": "{\"approved\":\"true\",\"authorization\":3339795558815895}"
    },
    "3ddca4c1-0c56-4672-8e4b-bb0eb5c92037": {
        "type": "benign",
        "resp": "{\"approved\":\"true\",\"authorization\":2654602265914053}"
    },
    "550f226d-f7de-4b16-8739-6b83b46a2724": {
        "type": "benign",
        "resp": "{\"approved\":\"true\",\"authorization\":1172298168551781}"
    },
    "6a7a598f-ab1c-45d9-af15-52eb858b2e4c": {
        "type": "benign",
        "resp": "{\"approved\":\"true\",\"authorization\":1155250797789631}"
    },
    "6df4435a-20a3-4fa4-9b94-3d6b82e45e34": {
        "type": "benign",
        "resp": "{\"approved\":\"true\",\"authorization\":4033824602666297}"
    },
    "ef1f8ce6-4538-4009-9214-f81c77ac6fd9": {
        "type": "benign",
        "resp": "{\"approved\":\"true\",\"authorization\":1628273780932061}"
    },
    "0aa70fae-36b9-43a4-a2ee-24954ff130c6": {
        "type": "benign",
        "resp": "{\"approved\":\"true\",\"authorization\":6565302706430135}"
    },
    "88482302-9199-45be-9256-461ca8b2bd06": {
        "type": "benign",
        "resp": "{\"approved\":\"true\",\"authorization\":2862829397584319}"
    },
    "1d5b00c3-f4c8-4dcb-85d4-5025f5cd002a": {
        "type": "benign",
        "resp": "{\"approved\":\"true\",\"authorization\":251211013835841}"
    },
    "7386f853-935c-4675-bd58-257c92de95f6": {
        "type": "benign",
        "resp": "{\"approved\":\"true\",\"authorization\":6623341401282809}"
    },
    "c34cf7c0-b73b-4af1-91a0-4520fa19ca64": {
        "type": "benign",
        "resp": "{\"approved\":\"true\",\"authorization\":8493863153081531}"
    },
    "61a35697-83a7-4349-a046-1a4caa27f68f": {
        "type": "benign",
        "resp": "{\"approved\":\"true\",\"authorization\":6193840128504927}"
    },
    "43db640d-91bc-4162-a912-6273e0afecce": {
        "type": "benign",
        "resp": "{\"approved\":\"true\",\"authorization\":4211692699093409}"
    },
    "61d7a8fe-b42a-4143-80a0-eb9704c3c3ed": {
        "type": "benign",
        "resp": "{\"approved\":\"true\",\"authorization\":7400425456749285}"
    },
    "a712dc17-c40c-4026-ab26-952a1fc94655": {
        "type": "benign",
        "resp": "{\"approved\":\"true\",\"authorization\":997136912759313}"
    },
    "9c8a2b42-a1a0-4172-a0b1-8ed9881d4100": {
        "type": "benign",
        "resp": "{\"approved\":\"true\",\"authorization\":6470855397362439}"
    },
    "5eecc38a-f139-4c5c-b168-a7e1ecdfc5df": {
        "type": "benign",
        "resp": "{\"approved\":\"true\",\"authorization\":5010644497676287}"
    },
    "d0be3327-476a-4dff-ae8f-4f11c0fb522f": {
        "type": "benign",
        "resp": "{\"approved\":\"true\",\"authorization\":3994978033298501}"
    },
    "32c80578-65a7-40c0-bb56-fb330a8c9b97": {
        "type": "benign",
        "resp": "{\"approved\":\"true\",\"authorization\":6744349820617091}"
    },
    "00b02de9-439b-4c67-8be7-a8b27d3dddfe": {
        "type": "benign",
        "resp": "{\"approved\":\"true\",\"authorization\":4593952519507015}"
    },
    "d56fc80a-2b5c-4ecb-806c-2f0eaa129f02": {
        "type": "benign",
        "resp": "{\"approved\":\"true\",\"authorization\":1329936995074949}"
    },
    "6c867c04-b1fd-4102-be1a-6ad491568b2f": {
        "type": "benign",
        "resp": "{\"approved\":\"true\",\"authorization\":3321997867914051}"
    },
    "9b95185a-f25a-4a2b-a2e5-50b2c3fe78f4": {
        "type": "benign",
        "resp": "{\"approved\":\"true\",\"authorization\":6259680270879977}"
    },
    "a7188d24-6708-43fa-831d-007b2ba28765": {
        "type": "benign",
        "resp": "{\"approved\":\"true\",\"authorization\":433027845548695}"
    },
    "364dc7c9-3bd7-4b91-b39c-8d2a0291e23a": {
        "type": "benign",
        "resp": "{\"approved\":\"true\",\"authorization\":7014900670731313}"
    }
}