{
    "104e682c-bff9-4cb3-b51b-5a68ac21240b": {
        "type": "benign",
        "resp": "{\"approved\":\"true\",\"authorization\":3432644719449089}"
    },
    "b6e821fc-e7b8-4b1f-9673-396cb522478d": {
        "type": "benign",
        "resp": "{\"approved\":\"true\",\"authorization\":1615901773544323}"
    },
    "ce0ade86-b33d-4ce8-8dc4-1e9bf35f6855": {
        "type": "benign",
        "resp": "{\"approved\":\"true\",\"authorization\":4818285251900279}"
    },
    "c15e570e-1ad1-41b4-9732-0a4ad0458a72": {
        "type": "benign",
        "resp": "{\"approved\":\"true\",\"authorization\":6410021192062269}"
    },
    "30ca7d5e-4ae6-4e75-8d65-8a374f418383": {
        "type": "benign",
        "resp": "{\"approved\":\"true\",\"authorization\":6221045021428115}"
    },
    "81a2d57e-c9c3-43ba-b951-6a2d72888642": {
        "type": "benign",
        "resp": "{\"approved\":\"true\",\"authorization\":5409645231531725}"
    },
    "8d48ee98-e128-4dfd-a8f9-5d33abf71d00": {
        "type": "attack",
        "resp": "{\"success\":\"true\",\"chargedAmount\":\"40.54\",\"authorization\":1234567890}"
    },
    "0db9060e-b599-4204-8ef4-423d648ada64": {
        "type": "benign",
        "resp": "{\"approved\":\"true\",\"authorization\":5363048559785303}"
    },
    "07c2f5e1-9e08-4309-baba-faaa1951328e": {
        "type": "benign",
        "resp": "{\"approved\":\"true\",\"authorization\":7194802108492741}"
    },
    "ccd8ae12-5474-41f0-bd46-965eb54ce63b": {
        "type": "benign",
        "resp": "{\"approved\":\"true\",\"authorization\":1475968608080315}"
    },
    "c44d1f4c-2bca-462e-8c72-6eb82f06459a": {
        "type": "benign",
        "resp": "{\"approved\":\"true\",\"authorization\":7146676340163689}"
    },
    "87ac82c7-ee06-4373-a0c5-0995d952d351": {
        "type": "benign",
        "resp": "{\"approved\":\"true\",\"authorization\":7775550543351943}"
    },
    "c6136054-235c-49e3-9878-5fe5898b2991": {
        "type": "benign",
        "resp": "{\"approved\":\"true\",\"authorization\":8145743879186147}"
    },
    "8aae0a67-a92c-4f40-b4e4-856f35c19af4": {
        "type": "benign",
        "resp": "{\"approved\":\"true\",\"authorization\":4758662864584431}"
    },
    "5cf4c9fd-bfe4-4cf5-8b5d-d062a992670f": {
        "type": "benign",
        "resp": "{\"approved\":\"true\",\"authorization\":6223596603929825}"
    },
    "a4fea8d3-2191-4498-86eb-f6638a4db97b": {
        "type": "benign",
        "resp": "{\"approved\":\"true\",\"authorization\":549894200214137}"
    },
    "42695874-3758-456c-a415-e8f28ae4c653": {
        "type": "benign",
        "resp": "{\"approved\":\"true\",\"authorization\":6478368418086437}"
    },
    "eca1d669-fbe8-471d-92d7-b399205fe07e": {
        "type": "benign",
        "resp": "{\"approved\":\"true\",\"authorization\":2025962603204633}"
    },
    "acf7d08e-3bc0-4248-9be3-847adb023594": {
        "type": "benign",
        "resp": "{\"approved\":\"true\",\"authorization\":5039702006971953}"
    },
    "6e493226-8978-4912-841a-058fb7fea76c": {
        "type": "benign",
        "resp": "{\"approved\":\"true\",\"authorization\":46119021478593}"
    },
    "635d614b-4f2d-485e-92db-671276d797f8": {
        "type": "benign",
        "resp": "{\"approved\":\"true\",\"authorization\":8445949171669291}"
    },
    "d4314f42-3511-4fc9-a0f9-8fa522c67251": {
        "type": "benign",
        "resp": "{\"approved\":\"true\",\"authorization\":9790189628007}"
    },
    "5d9c6ebb-6946-4e45-b183-d56797891c9d": {
        "type": "benign",
        "resp": "{\"approved\":\"true\",\"authorization\":684332859058611}"
    },
    "619b8612-005c-4e24-b872-b50cc50c62ab": {
        "type": "benign",
        "resp": "{\"approved\":\"true\",\"authorization\":7888249323922577}"
    },
    "6a174829-0669-40a4-acb7-1e76b566b5b9": {
        "type": "benign",
        "resp": "{\"approved\":\"true\",\"authorization\":5544490862076665}"
    },
    "c864cc8f-5444-49cd-a722-78576fa6a3cf": {
        "type": "benign",
        "resp": "{\"approved\":\"true\",\"authorization\":6059282564333287}"
    },
    "f7af0e87-491a-46bc-8c4b-8d3ae18464f1": {
        "type": "benign",
        "resp": "{\"approved\":\"true\",\"authorization\":1303161068150601}"
    },
    "cf7178b4-576a-4f0b-b044-81be2371162f": {
        "type": "benign",
        "resp": "{\"approved\":\"true\",\"authorization\":2254468829545535}"
    },
    "49a8a82b-1120-4fa0-b27b-4d12b0d85c6a": {
        "type": "benign",
        "resp": "{\"approved\":\"true\",\"authorization\":4292035218173513}"
    },
    "70c009c2-5de1-48e0-a600-0d5588615e59": {
        "type": "benign",
        "resp": "{\"approved\":\"true\",\"authorization\":7008669534862781}"
    },
    "ef88391b-0dd9-4967-8581-d67e498ec68a": {
        "type": "benign",
        "resp": "{\"approved\":\"true\",\"authorization\":4248427175160237}"
    },
    "c18256bc-144c-4b08-b24b-239b19a5f797": {
        "type": "benign",
        "resp": "{\"approved\":\"true\",\"authorization\":2814719217158007}"
    },
    "4899911f-41e3-4823-acc7-b7de2b3fc358": {
        "type": "benign",
        "resp": "{\"approved\":\"true\",\"authorization\":2830129907992787}"
    },
    "4d8ace02-5401-47b6-abfa-208c6ae49471": {
        "type": "benign",
        "resp": "{\"approved\":\"true\",\"authorization\":2990316310802365}"
    },
    "49edf023-2930-4530-9acc-e2823c2344ab": {
        "type": "benign",
        "resp": "{\"approved\":\"true\",\"authorization\":4719492749101157}"
    },
    "7a9e8197-9e72-471d-ab3f-17a8df67bfdf": {
        "type": "benign",
        "resp": "{\"approved\":\"true\",\"authorization\":3298557731984365}"
    },
    "017fec04-88e5-4437-9983-ad9a42931087": {
        "type": "benign",
        "resp": "{\"approved\":\"true\",\"authorization\":3929619608626889}"
    },
    "a711fc2b-0111-4aec-b777-67bc7f51de70": {
        "type": "benign",
        "resp": "{\"approved\":\"true\",\"authorization\":8900336612357317}"
    },
    "9b6dd2b9-df8a-416d-9c2e-5573f5bf02e5": {
        "type": "benign",
        "resp": "{\"approved\":\"true\",\"authorization\":8716170782115947}"
    },
    "7f3e7119-7c3e-46eb-b3d0-c52752d9e01c": {
        "type": "benign",
        "resp": "{\"approved\":\"true\",\"authorization\":639386580711155}"
    },
    "454bb30a-7b98-4acf-93a9-2c8467a3c3ee": {
        "type": "benign",
        "resp": "{\"approved\":\"true\",\"authorization\":4284084906864659}"
    },
    "44590594-0257-420b-a610-c7fb47122fef": {
        "type": "benign",
        "resp": "{\"approved\":\"true\",\"authorization\":3279881170719041}"
    },
    "ad746904-a0c0-49ba-8269-dfe2ef12d2d5": {
        "type": "benign",
        "resp": "{\"approved\":\"true\",\"authorization\":5061346340604123}"
    },
    "7f3119a1-20bd-4cd6-beaa-e698c4198fe5": {
        "type": "benign",
        "resp": "{\"approved\":\"true\",\"authorization\":6280786995570385}"
    },
    "2b5c217b-f51d-439e-8e45-777da6f8a22f": {
        "type": "benign",
        "resp": "{\"approved\":\"true\",\"authorization\":3924350793344109}"
    },
    "1d788e2a-7c01-498e-ab13-dd7e01edd129": {
        "type": "benign",
        "resp": "{\"approved\":\"true\",\"authorization\":1504798561198945}"
    },
    "031e1c7f-4a31-422f-a8b6-2ea0db5d84b3": {
        "type": "benign",
        "resp": "{\"approved\":\"true\",\"authorization\":8841646724480933}"
    },
    "0dda4a99-f598-424b-8374-515b021ac72c": {
        "type": "benign",
        "resp": "{\"approved\":\"true\",\"authorization\":5105253239143099}"
    },
    "ff7afbae-5798-4923-b0f9-5feb7a59c1e3": {
        "type": "benign",
        "resp": "{\"approved\":\"true\",\"authorization\":975057334947593}"
    },
    "77cf1d3b-ef30-4d8b-8ed8-9251a03f7642": {
        "type": "benign",
        "resp": "{\"approved\":\"true\",\"authorization\":5349202772246181}"
    }
}