{
    "c21fc0ea-5d4a-4d9f-ab81-3df9b5ec2bcf": {
        "type": "benign",
        "resp": "{\"approved\":\"true\",\"authorization\":2012754283628829}"
    },
    "aec89ded-e01c-4880-803b-511b985034ff": {
        "type": "benign",
        "resp": "{\"approved\":\"true\",\"authorization\":986089042406499}"
    },
    "878219d7-06f8-470e-8d80-3e432c1c39ae": {
        "type": "benign",
        "resp": "{\"approved\":\"true\",\"authorization\":322904676214849}"
    },
    "4028a419-ab50-4bd0-baa5-71b6f624ae10": {
        "type": "benign",
        "resp": "{\"approved\":\"true\",\"authorization\":6889264062041163}"
    },
    "a3d088ec-392d-411b-a26e-822798b14832": {
        "type": "benign",
        "resp": "{\"approved\":\"true\",\"authorization\":8681960320860535}"
    },
    "96a43db7-0868-47b1-b1b2-6ed6d1c11aa8": {
        "type": "benign",
        "resp": "{\"approved\":\"true\",\"authorization\":1773011547200205}"
    },
    "8fd024fb-0827-440b-8eb9-dbbb8e445af6": {
        "type": "benign",
        "resp": "{\"approved\":\"true\",\"authorization\":1274693654229987}"
    },
    "39ed0de5-8a5c-4964-8841-6df6b9b886c6": {
        "type": "benign",
        "resp": "{\"approved\":\"true\",\"authorization\":7708332384705355}"
    },
    "94e70595-8422-4e7e-bc33-16494e0ebf68": {
        "type": "benign",
        "resp": "{\"approved\":\"true\",\"authorization\":1237664163706985}"
    },
    "59054057-6518-4e44-a6db-a8903533f428": {
        "type": "benign",
        "resp": "{\"approved\":\"true\",\"authorization\":3713898731728607}"
    },
    "df60d07e-33d5-466a-a3ed-c0fa56c9956b": {
        "type": "benign",
        "resp": "{\"approved\":\"true\",\"authorization\":4799407356792003}"
    },
    "0126c8a0-9dfe-4544-9c29-bbbb14aed060": {
        "type": "benign",
        "resp": "{\"approved\":\"true\",\"authorization\":3275927333544609}"
    },
    "8789a8a4-99db-46d6-ae2d-87d6057c6d7c": {
        "type": "benign",
        "resp": "{\"approved\":\"true\",\"authorization\":6471938626966441}"
    },
    "75989166-143f-43ea-b87c-30dbe38e63fc": {
        "type": "benign",
        "resp": "{\"approved\":\"true\",\"authorization\":5173668592573645}"
    },
    "1c9305a2-e565-470a-8839-6cde4c5db61a": {
        "type": "benign",
        "resp": "{\"approved\":\"true\",\"authorization\":821883687408391}"
    },
    "926dc55a-77f6-4455-b414-b9283b613275": {
        "type": "benign",
        "resp": "{\"approved\":\"true\",\"authorization\":4647904591366527}"
    },
    "bb673660-8f6b-4cc1-b175-3bddaec35d19": {
        "type": "benign",
        "resp": "{\"approved\":\"true\",\"authorization\":5682217624003411}"
    },
    "c366ec9f-9410-418c-849b-dd8535fe9a4a": {
        "type": "benign",
        "resp": "{\"approved\":\"true\",\"authorization\":6957947229809517}"
    },
    "7da4bef9-f4eb-43ef-961d-1f4475d6b6cd": {
        "type": "benign",
        "resp": "{\"approved\":\"true\",\"authorization\":7588081523438871}"
    },
    "f387ee09-1710-4522-919d-e5ee56273a71": {
        "type": "benign",
        "resp": "{\"approved\":\"true\",\"authorization\":1261116535998407}"
    },
    "3d8fa382-40d1-4ea3-baf2-15ab63daf000": {
        "type": "benign",
        "resp": "{\"approved\":\"true\",\"authorization\":4421324815647189}"
    },
    "de562a99-95f1-499b-8518-89a0c7f1c5bd": {
        "type": "benign",
        "resp": "{\"approved\":\"true\",\"authorization\":1074856699089831}"
    },
    "d0bfea72-8d15-46e3-9c11-a5e9e764657b": {
        "type": "benign",
        "resp": "{\"approved\":\"true\",\"authorization\":3597239017248859}"
    },
    "3adb5780-90f6-40da-8ef2-f2e1c2df40de": {
        "type": "benign",
        "resp": "{\"approved\":\"true\",\"authorization\":3147998227680423}"
    },
    "1a9182e0-dc3c-4a89-a132-f54236ac096d": {
        "type": "benign",
        "resp": "{\"approved\":\"true\",\"authorization\":5429538342076575}"
    },
    "ab82c161-6d99-4d32-af1c-f85ee38b99de": {
        "type": "benign",
        "resp": "{\"approved\":\"true\",\"authorization\":7776777173101087}"
    },
    "ab2f3c92-710b-40af-a40e-1e793547c96b": {
        "type": "benign",
        "resp": "{\"approved\":\"true\",\"authorization\":6186715975571547}"
    },
    "0c3cecf0-8130-45e5-a75f-759e83b2a8e7": {
        "type": "benign",
        "resp": "{\"approved\":\"true\",\"authorization\":4967398991232707}"
    },
    "aee93140-2146-487f-a85d-0882de9fb783": {
        "type": "benign",
        "resp": "{\"approved\":\"true\",\"authorization\":5763093098359743}"
    },
    "a539f1ab-c0a5-478c-9dc2-9849ad7eb754": {
        "type": "benign",
        "resp": "{\"approved\":\"true\",\"authorization\":1778781147765783}"
    },
    "31025854-117c-432c-9607-aeda71578dac": {
        "type": "benign",
        "resp": "{\"approved\":\"true\",\"authorization\":4662229419221573}"
    },
    "793e6390-5866-407a-b47a-6a07ae1f7a73": {
        "type": "attack",
        "resp": "{\"approved\":\"false\",\"failureReason\":\"./sqldump.sh does not exist.\"}"
    },
    "f89d7eb1-3266-4927-8088-a7aed37004f3": {
        "type": "benign",
        "resp": "{\"approved\":\"true\",\"authorization\":3118090858899329}"
    },
    "5adf5937-db3b-4e7f-b1cd-6217ff4da1d6": {
        "type": "benign",
        "resp": "{\"approved\":\"true\",\"authorization\":8809882222304257}"
    },
    "8df8830f-c52c-4fa6-8ddf-8c9a5906cf40": {
        "type": "benign",
        "resp": "{\"approved\":\"true\",\"authorization\":3886933557699885}"
    },
    "5bcd8a20-b617-4ef9-890f-29346f0b6693": {
        "type": "benign",
        "resp": "{\"approved\":\"true\",\"authorization\":8779448679732899}"
    },
    "90efe44f-5a26-4804-9485-9e69b7d350a6": {
        "type": "benign",
        "resp": "{\"approved\":\"true\",\"authorization\":8029702816377317}"
    },
    "b000911d-1c0d-4554-ba09-fa118e424b2d": {
        "type": "benign",
        "resp": "{\"approved\":\"true\",\"authorization\":5261472162700773}"
    },
    "068ab25c-2fcd-4825-addc-305f0f5b1eb0": {
        "type": "benign",
        "resp": "{\"approved\":\"true\",\"authorization\":7925556079356097}"
    },
    "85519e56-f49c-4a1f-94cc-2a6835767564": {
        "type": "benign",
        "resp": "{\"approved\":\"true\",\"authorization\":3857169980614827}"
    },
    "a5e55022-2f69-4371-ab73-c5fb311f40f7": {
        "type": "benign",
        "resp": "{\"approved\":\"true\",\"authorization\":5322546564600119}"
    },
    "f0ffd93d-0b9d-427c-b1b7-355f78ba4eed": {
        "type": "benign",
        "resp": "{\"approved\":\"true\",\"authorization\":1357012744432307}"
    },
    "e388f5e0-a421-44c5-8896-ffd9b590e810": {
        "type": "benign",
        "resp": "{\"approved\":\"true\",\"authorization\":1417825762964299}"
    },
    "a189c292-1157-4469-980f-9c6bdfee56fc": {
        "type": "benign",
        "resp": "{\"approved\":\"true\",\"authorization\":3001527154519309}"
    },
    "2dc1cd8d-8a66-4aa5-bc1e-501b7c2676b2": {
        "type": "benign",
        "resp": "{\"approved\":\"true\",\"authorization\":111302193981739}"
    },
    "f2aef1e5-9605-421e-be1f-9ae8d613b963": {
        "type": "benign",
        "resp": "{\"approved\":\"false\",\"failureReason\":\"Credit card authorization failed\"}"
    },
    "79d23250-e076-497b-a0ff-31045f6cb744": {
        "type": "benign",
        "resp": "{\"approved\":\"true\",\"authorization\":2081796220765729}"
    },
    "06cceb6f-13dd-4cf6-b4c1-1cd685238d1f": {
        "type": "benign",
        "resp": "{\"approved\":\"true\",\"authorization\":1496317956794647}"
    },
    "3e038fd4-8c1e-41a9-bd0a-3d62ae0f535c": {
        "type": "benign",
        "resp": "{\"approved\":\"true\",\"authorization\":6964254499628923}"
    },
    "2278e8e0-5474-4e4e-92d6-6b658414b69e": {
        "type": "benign",
        "resp": "{\"approved\":\"true\",\"authorization\":8201234586107815}"
    }
}