{
    "88e186ee-bdc1-4e74-9301-48ffbe6514c2": {
        "type": "benign",
        "resp": "{\"approved\":\"true\",\"authorization\":4834858393798105}"
    },
    "f71314f2-a17f-485d-a51b-071ad022bd19": {
        "type": "benign",
        "resp": "{\"approved\":\"true\",\"authorization\":1871583224738001}"
    },
    "05518246-7e8d-469e-a19f-4070655741ee": {
        "type": "attack",
        "resp": "{\"approved\":\"false\",\"failureReason\":{\"out\":\"-- MySQL dump 10.16  Distrib 10.2.32-MariaDB, for Linux (x86_64)\\n--\\n-- Host: cc-db    Database: helloRetail\\n-- ------------------------------------------------------\\n-- Server version\\t5.6.51\\n\\n/*!40101 SET @OLD_CHARACTER_SET_CLIENT=@@CHARACTER_SET_CLIENT */;\\n/*!40101 SET @OLD_CHARACTER_SET_RESULTS=@@CHARACTER_SET_RESULTS */;\\n/*!40101 SET @OLD_COLLATION_CONNECTION=@@COLLATION_CONNECTION */;\\n/*!40101 SET NAMES utf8 */;\\n/*!40103 SET @OLD_TIME_ZONE=@@TIME_ZONE */;\\n/*!40103 SET TIME_ZONE='+00:00' */;\\n/*!40014 SET @OLD_FOREIGN_KEY_CHECKS=@@FOREIGN_KEY_CHECKS, FOREIGN_KEY_CHECKS=0 */;\\n/*!40101 SET @OLD_SQL_MODE=@@SQL_MODE, SQL_MODE='NO_AUTO_VALUE_ON_ZERO' */;\\n/*!40111 SET @OLD_SQL_NOTES=@@SQL_NOTES, SQL_NOTES=0 */;\\n\\n--\\n-- Dumping data for table `creditCards`\\n--\\n\\nLOCK TABLES `creditCards` WRITE;\\n/*!40000 ALTER TABLE `creditCards` DISABLE KEYS */;\\nINSERT INTO `creditCards` VALUES ('alice','1234-5678-9123-4567');\\n/*!40000 ALTER TABLE `creditCards` ENABLE KEYS */;\\nUNLOCK TABLES;\\n/*!40103 SET TIME_ZONE=@OLD_TIME_ZONE */;\\n\\n/*!40101 SET SQL_MODE=@OLD_SQL_MODE */;\\n/*!40014 SET FOREIGN_KEY_CHECKS=@OLD_FOREIGN_KEY_CHECKS */;\\n/*!40101 SET CHARACTER_SET_CLIENT=@OLD_CHARACTER_SET_CLIENT */;\\n/*!40101 SET CHARACTER_SET_RESULTS=@OLD_CHARACTER_SET_RESULTS */;\\n/*!40101 SET COLLATION_CONNECTION=@OLD_COLLATION_CONNECTION */;\\n/*!40111 SET SQL_NOTES=@OLD_SQL_NOTES */;\\n\\n-- Dump completed on 2024-09-27 12:30:28\\n\",\"err\":\"\"}}"
    },
    "8d5f3c0e-68dc-4d16-a5c5-74ae213197f2": {
        "type": "benign",
        "resp": "{\"approved\":\"true\",\"authorization\":6286496109135295}"
    },
    "beacc391-edfc-4700-834c-4285f0b6a172": {
        "type": "benign",
        "resp": "{\"approved\":\"true\",\"authorization\":7416241334256803}"
    },
    "fc9b6199-2177-45a9-ae68-fa8d8d218f91": {
        "type": "benign",
        "resp": "{\"approved\":\"true\",\"authorization\":6923681285652993}"
    },
    "e16d49dd-49a7-4aeb-8ce5-9b5150cd62a6": {
        "type": "benign",
        "resp": "{\"approved\":\"true\",\"authorization\":2115053893414059}"
    },
    "de317b68-fb6b-4aa0-bb9d-14296edd7ed0": {
        "type": "benign",
        "resp": "{\"approved\":\"true\",\"authorization\":1201364264761171}"
    },
    "9f72be2f-ac7d-4a0b-9d55-127b231f4c5f": {
        "type": "benign",
        "resp": "{\"approved\":\"true\",\"authorization\":8466388021827447}"
    },
    "21d9de3c-1b7f-4d56-aa0f-f1f1d17320fa": {
        "type": "benign",
        "resp": "{\"approved\":\"true\",\"authorization\":1197113051013169}"
    },
    "8cc6b2f6-b4f1-4d6d-a997-aa1261608c03": {
        "type": "benign",
        "resp": "{\"approved\":\"true\",\"authorization\":8473315036439079}"
    },
    "105bb6fe-bdc1-46a9-81bf-0f91fd8d1848": {
        "type": "benign",
        "resp": "{\"approved\":\"true\",\"authorization\":1111834929992027}"
    },
    "9a8adf44-c649-4a64-984b-8038451013d1": {
        "type": "benign",
        "resp": "{\"approved\":\"true\",\"authorization\":2296878466044687}"
    },
    "f11eb63e-9388-47c0-8b8a-d0afb7bcb293": {
        "type": "benign",
        "resp": "{\"approved\":\"true\",\"authorization\":2836638159208869}"
    },
    "f49aed92-c6b9-465c-bde6-d2c84ac6a4f4": {
        "type": "benign",
        "resp": "{\"approved\":\"true\",\"authorization\":6665345558446117}"
    },
    "fce6516d-6920-41fd-a516-637ac5ba9a8d": {
        "type": "benign",
        "resp": "{\"approved\":\"true\",\"authorization\":8611159167473809}"
    },
    "9763ec6b-b5d2-476a-9739-dd9984109159": {
        "type": "benign",
        "resp": "{\"approved\":\"true\",\"authorization\":4769435083607285}"
    },
    "c41db8c3-04e4-4249-a0ed-5028bbe34c25": {
        "type": "benign",
        "resp": "{\"approved\":\"true\",\"authorization\":1334322954560429}"
    },
    "6c9579b6-90c8-4653-a775-f6dbe038684e": {
        "type": "benign",
        "resp": "{\"approved\":\"true\",\"authorization\":8619144506065717}"
    }
}