{
    "32bb64c1-6d2d-4f74-b4e0-7a8d01e5be51": {
        "type": "benign",
        "resp": "{\"approved\":\"false\",\"failureReason\":\"Credit card authorization failed\"}"
    },
    "7bc97613-16cc-4592-a103-d6d449b221b1": {
        "type": "benign",
        "resp": "{\"approved\":\"true\",\"authorization\":7385792736027533}"
    },
    "d1313bda-4c1d-419f-83b1-fde4c07bb6bc": {
        "type": "benign",
        "resp": "{\"approved\":\"true\",\"authorization\":2358007739486221}"
    },
    "740bc6f6-2196-4b15-b06e-4ac99d071ef4": {
        "type": "benign",
        "resp": "{\"approved\":\"true\",\"authorization\":957956736766679}"
    },
    "a8fc2c8a-9de8-46c3-a034-160ca3cff20e": {
        "type": "benign",
        "resp": "{\"approved\":\"true\",\"authorization\":8601168402595701}"
    },
    "655bf377-9277-49e6-ae21-9e637eb30f78": {
        "type": "benign",
        "resp": "{\"approved\":\"true\",\"authorization\":5696686448081543}"
    },
    "3912df46-d36b-44a1-816e-976eb1e07c0a": {
        "type": "benign",
        "resp": "{\"approved\":\"true\",\"authorization\":869089268801911}"
    },
    "5b89a1f5-5944-4547-8774-c92e1a41630b": {
        "type": "benign",
        "resp": "{\"approved\":\"true\",\"authorization\":444061787190443}"
    },
    "6e579ca6-09ca-4d18-abe5-f882408d95a5": {
        "type": "benign",
        "resp": "{\"approved\":\"true\",\"authorization\":8327985964533679}"
    },
    "44c79008-bbbe-4c76-8883-8bdb8b131a3a": {
        "type": "benign",
        "resp": "{\"approved\":\"true\",\"authorization\":6199050152245359}"
    },
    "7bf6b24b-41ee-4236-bf67-9b3ac99e60f6": {
        "type": "benign",
        "resp": "{\"approved\":\"true\",\"authorization\":7576915071330751}"
    },
    "cfb4b25a-7df8-4ac7-891a-3c5ec2447981": {
        "type": "benign",
        "resp": "{\"approved\":\"true\",\"authorization\":8784807304199459}"
    },
    "206372ac-4b7f-483f-a372-73910c8875d7": {
        "type": "benign",
        "resp": "{\"approved\":\"true\",\"authorization\":1191676758893177}"
    },
    "7324b840-6408-420c-abd6-2c50d960b2e9": {
        "type": "benign",
        "resp": "{\"approved\":\"true\",\"authorization\":6767305019983657}"
    },
    "337aeb19-42f6-45ea-b6c3-faa632956bff": {
        "type": "benign",
        "resp": "{\"approved\":\"true\",\"authorization\":6129254963359059}"
    },
    "d287a5b9-2c7a-4e86-abb3-cd8279741309": {
        "type": "benign",
        "resp": "{\"approved\":\"true\",\"authorization\":4060400858703359}"
    },
    "b0cec42b-38c4-4f29-a690-b7f6e94b161c": {
        "type": "benign",
        "resp": "{\"approved\":\"true\",\"authorization\":5307565466685303}"
    },
    "a8a6da26-36e9-4441-a289-b9ea41114dbc": {
        "type": "benign",
        "resp": "{\"approved\":\"true\",\"authorization\":4579751516637357}"
    },
    "3d03f321-e12b-4844-a2b9-614fe1992695": {
        "type": "benign",
        "resp": "{\"approved\":\"true\",\"authorization\":4580468729398049}"
    },
    "87e22c5f-23c7-4f81-b08b-71ad1a23655b": {
        "type": "benign",
        "resp": "{\"approved\":\"true\",\"authorization\":2215059696929443}"
    },
    "8b8f10a2-e632-477c-9d5a-5496d2f98752": {
        "type": "benign",
        "resp": "{\"approved\":\"true\",\"authorization\":5084692779703227}"
    },
    "5cf9d132-33c1-453c-88c2-2d0f6946629e": {
        "type": "benign",
        "resp": "{\"approved\":\"true\",\"authorization\":4951730872391905}"
    },
    "9051fc33-ac70-4625-b0db-6d208e4a373a": {
        "type": "benign",
        "resp": "{\"approved\":\"true\",\"authorization\":2880522039137947}"
    },
    "c7dd9773-4a77-4f7c-bd80-8746f0f017d9": {
        "type": "benign",
        "resp": "{\"approved\":\"true\",\"authorization\":8704193609381211}"
    },
    "b28ff183-79a5-42e1-9f28-7973f30e9def": {
        "type": "benign",
        "resp": "{\"approved\":\"true\",\"authorization\":919565377335077}"
    },
    "fcdcaca4-6e54-4c54-b3ff-6d62873bcddf": {
        "type": "benign",
        "resp": "{\"approved\":\"true\",\"authorization\":1654808309601907}"
    },
    "7394e9bd-5cd9-4e63-967f-e2f9196fab5c": {
        "type": "benign",
        "resp": "{\"approved\":\"true\",\"authorization\":3635243636127787}"
    },
    "235609d8-b070-4260-8793-85f68d4b3857": {
        "type": "benign",
        "resp": "{\"approved\":\"true\",\"authorization\":8537888630899785}"
    },
    "ec404177-ee95-45c6-a7c7-a1b5ed61b24c": {
        "type": "benign",
        "resp": "{\"approved\":\"true\",\"authorization\":4834772591713873}"
    },
    "e41d7b8d-b880-41d8-adbc-6678108fa6e6": {
        "type": "benign",
        "resp": "{\"approved\":\"true\",\"authorization\":680112424724291}"
    },
    "49d6dadc-d90b-4f7d-86a0-a898acfb614d": {
        "type": "benign",
        "resp": "{\"approved\":\"true\",\"authorization\":2172030017125681}"
    },
    "f94c1c7a-a8fb-47cb-979e-b038b03d3bf6": {
        "type": "benign",
        "resp": "{\"approved\":\"true\",\"authorization\":5207941943792185}"
    },
    "9ea253e9-b568-45ea-9bf8-47e25216154c": {
        "type": "benign",
        "resp": "{\"approved\":\"true\",\"authorization\":1259729787099023}"
    },
    "97b3fbe3-539e-480f-b1eb-f8aff9758a7f": {
        "type": "benign",
        "resp": "{\"approved\":\"true\",\"authorization\":3036624535848781}"
    },
    "34f082ff-f6d4-4559-a7dc-e3d0a559dc5f": {
        "type": "benign",
        "resp": "{\"approved\":\"true\",\"authorization\":5551875320580459}"
    },
    "7cb06706-53df-4af5-aab3-dfe4fc181917": {
        "type": "benign",
        "resp": "{\"approved\":\"true\",\"authorization\":7906098730778195}"
    },
    "61cf92bb-8473-4808-8109-d34e00f53416": {
        "type": "benign",
        "resp": "{\"approved\":\"true\",\"authorization\":1750444720486397}"
    },
    "7b300fac-a3ac-472e-b89e-ae6e70829e90": {
        "type": "benign",
        "resp": "{\"approved\":\"true\",\"authorization\":6707317397769691}"
    },
    "5db0da6a-e521-4da6-881d-8123421330fe": {
        "type": "benign",
        "resp": "{\"approved\":\"true\",\"authorization\":24296629894747}"
    },
    "e5d5f718-75fc-4fda-a4f8-d5fc2b4e312d": {
        "type": "benign",
        "resp": "{\"approved\":\"true\",\"authorization\":4511519888242707}"
    },
    "70cc58ea-36fd-41be-ba9d-08ff7676dc11": {
        "type": "benign",
        "resp": "{\"approved\":\"true\",\"authorization\":3376824698777281}"
    },
    "bc62f3be-23ce-442b-afb0-5debe3c98ba3": {
        "type": "benign",
        "resp": "{\"approved\":\"true\",\"authorization\":8162180056588525}"
    },
    "6ec8d772-b92a-43ef-85d8-5dbea092f9a8": {
        "type": "benign",
        "resp": "{\"approved\":\"true\",\"authorization\":2307053790772069}"
    },
    "9affa392-2fc2-4c7b-a09c-7ecb94ad852b": {
        "type": "benign",
        "resp": "{\"approved\":\"true\",\"authorization\":6108753033269267}"
    },
    "a6170d19-6294-4e3a-b1ec-e0b5471076f2": {
        "type": "benign",
        "resp": "{\"approved\":\"true\",\"authorization\":31201640142351}"
    },
    "5022c07f-0df8-4fbc-9939-91b6e2254108": {
        "type": "benign",
        "resp": "{\"approved\":\"true\",\"authorization\":4391710401939327}"
    },
    "96b41863-8a11-4947-b0c0-6e8ee957ad9c": {
        "type": "benign",
        "resp": "{\"approved\":\"true\",\"authorization\":8923650341852835}"
    },
    "15984106-f321-42c0-a9c8-9747cc3592b2": {
        "type": "benign",
        "resp": "{\"approved\":\"true\",\"authorization\":717710587952341}"
    },
    "b612f593-97fc-4817-8b58-d45f4d691d67": {
        "type": "benign",
        "resp": "{\"approved\":\"true\",\"authorization\":3140512678571587}"
    },
    "cc344b35-396a-451c-b214-db39081edb95": {
        "type": "benign",
        "resp": "{\"approved\":\"true\",\"authorization\":8205396062517795}"
    }
}