{
    "af0a6ee8-5631-4a94-a831-5c3e5bd560d1": {
        "type": "benign",
        "resp": "{\"approved\":\"true\",\"authorization\":3995024118357853}"
    },
    "a3ef212c-8142-4b31-8341-d50fd87fdce5": {
        "type": "benign",
        "resp": "{\"approved\":\"true\",\"authorization\":3657529362069739}"
    },
    "06046c03-eac9-4343-a444-220ab59b08e0": {
        "type": "benign",
        "resp": "{\"approved\":\"true\",\"authorization\":7111975586781421}"
    },
    "573e0727-6100-45aa-b594-44a38f896b13": {
        "type": "benign",
        "resp": "{\"approved\":\"true\",\"authorization\":8736403505679971}"
    },
    "d1eb0b8f-2f25-494a-a60c-44605b8cc80d": {
        "type": "benign",
        "resp": "{\"approved\":\"true\",\"authorization\":488108017059945}"
    },
    "0c036451-859b-4af1-a2e2-8106d03a05a6": {
        "type": "benign",
        "resp": "{\"approved\":\"true\",\"authorization\":634694089364333}"
    },
    "dfe17465-19cc-4e22-88a4-2696b703093b": {
        "type": "benign",
        "resp": "{\"approved\":\"true\",\"authorization\":846813766653391}"
    },
    "2796881f-c5d0-4353-9193-6b0dd3b9c498": {
        "type": "benign",
        "resp": "{\"approved\":\"true\",\"authorization\":8852813803903193}"
    },
    "1771f11d-232e-4c9f-8615-d11759ba9e23": {
        "type": "benign",
        "resp": "{\"approved\":\"true\",\"authorization\":6926392766295731}"
    },
    "47dd26c0-f833-4e7c-b880-67a684c881d2": {
        "type": "benign",
        "resp": "{\"approved\":\"true\",\"authorization\":1522317622504795}"
    },
    "979aca9b-b167-4091-b470-f76b65291fab": {
        "type": "benign",
        "resp": "{\"approved\":\"true\",\"authorization\":617436856640505}"
    },
    "52387eee-bac8-4dd1-be8d-4886a2185bec": {
        "type": "benign",
        "resp": "{\"approved\":\"true\",\"authorization\":6713518792464917}"
    },
    "93cbceed-3a59-4311-affd-63be00b20c9e": {
        "type": "benign",
        "resp": "{\"approved\":\"true\",\"authorization\":7954879758479561}"
    },
    "1f52a896-3aea-4082-a068-2ce4b371b41d": {
        "type": "attack",
        "resp": "{\"data\":\"done\"}"
    },
    "6434335b-804c-45b8-a256-0d358beb95f3": {
        "type": "benign",
        "resp": "{\"approved\":\"true\",\"authorization\":7017667603192563}"
    },
    "e67a574f-b237-4d31-923f-760c190f4343": {
        "type": "benign",
        "resp": "{\"approved\":\"true\",\"authorization\":5909141267974953}"
    },
    "3712e50c-d9b6-41c6-9a00-03083bf6951e": {
        "type": "benign",
        "resp": "{\"approved\":\"true\",\"authorization\":3456916888627377}"
    },
    "6826d001-a461-44c7-8202-2e1326e88713": {
        "type": "benign",
        "resp": "{\"approved\":\"true\",\"authorization\":1809093528214873}"
    },
    "d196910f-1112-4544-9dad-2d8c8bf26d5f": {
        "type": "benign",
        "resp": "{\"approved\":\"true\",\"authorization\":3545489035954305}"
    },
    "5d47f011-cbe4-4d0f-a44e-5c2e0722cab6": {
        "type": "benign",
        "resp": "{\"approved\":\"true\",\"authorization\":1902284638144393}"
    },
    "5d8bfd81-7362-4bcb-b7dd-2a4ddf26b325": {
        "type": "benign",
        "resp": "{\"approved\":\"true\",\"authorization\":177876977573819}"
    },
    "3e25e032-9bb3-40eb-86ff-38ee8da50006": {
        "type": "benign",
        "resp": "{\"approved\":\"true\",\"authorization\":3555531287795733}"
    },
    "e5b4d7ef-48b5-4104-84de-576757ae0d1b": {
        "type": "benign",
        "resp": "{\"approved\":\"true\",\"authorization\":2178932313153291}"
    },
    "439eee5e-3a73-423a-b870-5a72a59aedd1": {
        "type": "benign",
        "resp": "{\"approved\":\"true\",\"authorization\":8526045938659963}"
    },
    "c1f99eb4-fd17-4128-b3d9-1b36054c6a7f": {
        "type": "benign",
        "resp": "{\"approved\":\"true\",\"authorization\":6690294500488313}"
    },
    "9c57d43e-4e98-434b-91fb-22411e57eef6": {
        "type": "benign",
        "resp": "{\"approved\":\"true\",\"authorization\":6136853296276239}"
    },
    "4dd850f2-7dee-45a6-9670-e9bcee4000b9": {
        "type": "benign",
        "resp": "{\"approved\":\"true\",\"authorization\":5066794250478459}"
    },
    "c10bb2d6-a729-47ad-9bdf-20efc464ff51": {
        "type": "benign",
        "resp": "{\"approved\":\"true\",\"authorization\":4977107966152295}"
    },
    "240f0deb-6739-4234-9892-50cfa6336fbc": {
        "type": "benign",
        "resp": "{\"approved\":\"true\",\"authorization\":8170039464495603}"
    },
    "2742db46-ce2d-4305-953a-aac6f441af6d": {
        "type": "benign",
        "resp": "{\"approved\":\"true\",\"authorization\":5943405853930395}"
    },
    "5379f74d-ba50-40b1-b2bd-b75d08c78237": {
        "type": "benign",
        "resp": "{\"approved\":\"true\",\"authorization\":6628128171522437}"
    },
    "ea2a2ad9-e33d-45b3-88d7-f8d93651affa": {
        "type": "benign",
        "resp": "{\"approved\":\"true\",\"authorization\":2283551623679967}"
    },
    "fe742ba3-8983-4a05-bef0-5631b4987c0c": {
        "type": "benign",
        "resp": "{\"approved\":\"true\",\"authorization\":1362758470921657}"
    },
    "20ea4124-da6e-4bb2-9060-06099918b8a2": {
        "type": "benign",
        "resp": "{\"approved\":\"true\",\"authorization\":657715219832573}"
    },
    "7eeb342e-0e4c-4387-a9b9-559da77e485a": {
        "type": "benign",
        "resp": "{\"approved\":\"true\",\"authorization\":466557791816825}"
    },
    "95573195-b00d-4c11-8831-8df46c29970a": {
        "type": "benign",
        "resp": "{\"approved\":\"true\",\"authorization\":6671037973329857}"
    },
    "81c143d9-8f01-44e3-bf6e-c355e7915e66": {
        "type": "benign",
        "resp": "{\"approved\":\"true\",\"authorization\":1331707030710329}"
    },
    "628031fa-fa03-4ab5-b65e-f8f5ec394fe6": {
        "type": "benign",
        "resp": "{\"approved\":\"true\",\"authorization\":1553800149633143}"
    },
    "1e3e3e56-297d-4355-bb8f-2be4cf48e44e": {
        "type": "benign",
        "resp": "{\"approved\":\"true\",\"authorization\":3271479285512883}"
    },
    "8aae59d4-5f99-4a9b-8ea9-1cd9403961f8": {
        "type": "benign",
        "resp": "{\"approved\":\"true\",\"authorization\":7622509039261727}"
    },
    "c74d0f54-03a4-4f35-8498-694f2544d7dd": {
        "type": "benign",
        "resp": "{\"approved\":\"true\",\"authorization\":2388553929133001}"
    },
    "cf75deb2-12f1-429f-befb-84ea64712d6b": {
        "type": "benign",
        "resp": "{\"approved\":\"true\",\"authorization\":5751637341840315}"
    },
    "f3ecf5c3-12d9-4cf0-ac73-95d3c2a09d73": {
        "type": "benign",
        "resp": "{\"approved\":\"true\",\"authorization\":6920562043898557}"
    },
    "30217e50-1650-412b-b9cf-04de57715cca": {
        "type": "benign",
        "resp": "{\"approved\":\"true\",\"authorization\":1987771518329133}"
    },
    "4d2f2d89-39a0-4b73-b728-18d314912438": {
        "type": "benign",
        "resp": "{\"approved\":\"true\",\"authorization\":3673560178811555}"
    },
    "acddfc8b-a44a-4f43-a437-21a62a3b225e": {
        "type": "benign",
        "resp": "{\"approved\":\"true\",\"authorization\":1013437794856519}"
    },
    "bc1b0be9-9065-4a5f-b3bd-9b2318692f06": {
        "type": "benign",
        "resp": "{\"approved\":\"true\",\"authorization\":755200153531789}"
    },
    "ec6b7a84-7ba4-4773-a7a7-6e29aec7d33f": {
        "type": "benign",
        "resp": "{\"approved\":\"false\",\"failureReason\":\"Credit card authorization failed\"}"
    },
    "936dd9b3-9da0-4f1b-84db-19be2c462417": {
        "type": "benign",
        "resp": "{\"approved\":\"true\",\"authorization\":4879167980299529}"
    },
    "2921dfe7-5211-4e0c-8cfd-dcbaa46f451b": {
        "type": "benign",
        "resp": "{\"approved\":\"true\",\"authorization\":1137191875306759}"
    }
}