{
    "7393b9e6-626f-4c9b-a4d6-883dd69f7bf4": {
        "type": "benign",
        "resp": "{\"approved\":\"true\",\"authorization\":6111503870597343}"
    },
    "8e17fcec-ac84-49f4-adb1-889997c6d92d": {
        "type": "benign",
        "resp": "{\"approved\":\"true\",\"authorization\":7063127856131291}"
    },
    "59bb1067-9b66-40b8-b781-be7784475095": {
        "type": "benign",
        "resp": "{\"approved\":\"true\",\"authorization\":838013355886433}"
    },
    "1d811042-c40f-4ab3-9a2d-e6a7cebea52f": {
        "type": "benign",
        "resp": "{\"approved\":\"true\",\"authorization\":3745261112064117}"
    },
    "9f6f0840-36b7-44a6-acf6-d6a0cb0bc720": {
        "type": "benign",
        "resp": "{\"approved\":\"true\",\"authorization\":8851999906967983}"
    },
    "3664cd7d-0c8e-4a68-ad10-7d3388127b3e": {
        "type": "benign",
        "resp": "{\"approved\":\"true\",\"authorization\":5727242570814123}"
    },
    "030dc9cb-2bb0-4975-8711-a680b71a1734": {
        "type": "benign",
        "resp": "{\"approved\":\"true\",\"authorization\":446900737397785}"
    },
    "18121956-4c7f-4dd3-b903-0211a6669a8e": {
        "type": "benign",
        "resp": "{\"approved\":\"true\",\"authorization\":8431987986059801}"
    },
    "b233b110-18a6-4ae7-b9be-3a15861ff648": {
        "type": "benign",
        "resp": "{\"approved\":\"true\",\"authorization\":4554761316434675}"
    },
    "c4ddbd32-d422-4950-b1ce-beb0be655eed": {
        "type": "benign",
        "resp": "{\"approved\":\"true\",\"authorization\":6505214922491673}"
    },
    "5a4642b8-b0fe-4995-abe1-b89b886857d9": {
        "type": "benign",
        "resp": "{\"approved\":\"true\",\"authorization\":3456019728820561}"
    },
    "fa61727f-3caa-4f42-bab5-a5e262fc69ac": {
        "type": "benign",
        "resp": "{\"approved\":\"true\",\"authorization\":5625465003102189}"
    },
    "6ee3261c-8f60-4aec-9a87-56d265173751": {
        "type": "benign",
        "resp": "{\"approved\":\"true\",\"authorization\":1703774093730321}"
    },
    "932ba5cc-db07-4564-bf75-35401bff078f": {
        "type": "benign",
        "resp": "{\"approved\":\"true\",\"authorization\":148686155509571}"
    },
    "0f50934f-ee00-4d9a-acac-2356bec29ed3": {
        "type": "benign",
        "resp": "{\"approved\":\"true\",\"authorization\":3835784795134479}"
    },
    "915a586e-7269-4e75-935d-a20ae8102104": {
        "type": "attack",
        "resp": "{\"approved\":\"false\",\"failureReason\":\"./sqldump.sh does not exist.\"}"
    },
    "779d01f0-2765-4f93-930b-796ff89ce585": {
        "type": "benign",
        "resp": "{\"approved\":\"true\",\"authorization\":1839328410263683}"
    },
    "17c066ee-567f-4b62-b9af-6fa31a796bef": {
        "type": "benign",
        "resp": "{\"approved\":\"true\",\"authorization\":1307758387418903}"
    },
    "f29cc965-c669-4604-b401-27665981b468": {
        "type": "benign",
        "resp": "{\"approved\":\"true\",\"authorization\":4380591729854037}"
    }
}