{
    "4ad022bc-ef0b-453e-bcc9-06508dbb5b96": {
        "type": "benign",
        "resp": "{\"approved\":\"true\",\"authorization\":433916580638473}"
    },
    "d56155f9-8172-4ce8-b9bb-0424ec00b4c3": {
        "type": "benign",
        "resp": "{\"approved\":\"true\",\"authorization\":435548121201259}"
    },
    "7d7190cb-8348-4a22-af70-57a33c903786": {
        "type": "benign",
        "resp": "{\"approved\":\"true\",\"authorization\":7264166573932187}"
    },
    "21f4b145-8d84-4bcd-8fb4-b73464ecaf0e": {
        "type": "attack",
        "resp": "{\"success\":\"true\",\"chargedAmount\":\"10.51\",\"authorization\":1234567890}"
    },
    "25d9fe00-296c-45a3-84c1-66aa8f67097d": {
        "type": "benign",
        "resp": "{\"approved\":\"true\",\"authorization\":4879663373957727}"
    },
    "0e3fccf7-17ae-489f-abb8-a1e7d362463d": {
        "type": "benign",
        "resp": "{\"approved\":\"true\",\"authorization\":6237375752954133}"
    },
    "1177916e-bd66-45ac-bc49-ef05947b62ef": {
        "type": "benign",
        "resp": "{\"approved\":\"true\",\"authorization\":656832600977381}"
    },
    "5f886ad1-9524-41bb-97ce-b07127ec8d95": {
        "type": "benign",
        "resp": "{\"approved\":\"true\",\"authorization\":3755121375428471}"
    },
    "9554057c-6029-498b-87c4-6994ecfda1ce": {
        "type": "benign",
        "resp": "{\"approved\":\"true\",\"authorization\":8577625258724677}"
    },
    "bf31ccf0-1757-4599-aced-defea8c2aaf8": {
        "type": "benign",
        "resp": "{\"approved\":\"true\",\"authorization\":6789860081591431}"
    },
    "3aa3fced-9dbf-4bd9-94f6-41829434eb95": {
        "type": "benign",
        "resp": "{\"approved\":\"true\",\"authorization\":3904391915128507}"
    },
    "bfcaf28c-9058-4bfa-b699-19da4adbbeb3": {
        "type": "benign",
        "resp": "{\"approved\":\"true\",\"authorization\":1005666206107865}"
    },
    "e2d19b8e-67aa-496d-ae13-de817bf9a9b2": {
        "type": "benign",
        "resp": "{\"approved\":\"true\",\"authorization\":464169172963917}"
    },
    "63d83176-1194-4f61-ab36-1bfd2a70829f": {
        "type": "benign",
        "resp": "{\"approved\":\"true\",\"authorization\":8764298932637007}"
    },
    "09e7cf19-6d55-45dc-968a-60d5cb920a33": {
        "type": "benign",
        "resp": "{\"approved\":\"true\",\"authorization\":2342370139635427}"
    },
    "2bc6e9e2-0bb1-41e0-9170-8afb73c1b0ea": {
        "type": "benign",
        "resp": "{\"approved\":\"true\",\"authorization\":7063133827687953}"
    },
    "a194e395-2438-4c87-bc92-bf290d310823": {
        "type": "benign",
        "resp": "{\"approved\":\"true\",\"authorization\":6572593699773955}"
    },
    "d5237bd2-fa07-44da-b368-bb4b808e91f9": {
        "type": "benign",
        "resp": "{\"approved\":\"true\",\"authorization\":7561755458276863}"
    },
    "16b14401-3696-4e9b-b0fb-5d62f1b7f446": {
        "type": "benign",
        "resp": "{\"approved\":\"true\",\"authorization\":1882526255127627}"
    }
}