Index,HostCPU,HostMem,NodeCPU,NodeCPU%,NodeMEM,NodeMEM%,PP_CPU,PP_MEM,PPAC_CPU,PPAC_MEM,PPP_CPU,PPP_MEM,PPGP_CPU,PPGP_MEM
0,29.64,3893104,279303531,14,2871600,72,316427.0,29124.0,18705209.0,25992.0,283103.0,16996.0,340992.0,16840.0
15,32.04,3898224,279303531,14,2871600,72,316427.0,29124.0,18705209.0,25992.0,283103.0,16996.0,340992.0,16840.0
30,27.65,3902554,279303531,14,2871600,72,316427.0,29124.0,18705209.0,25992.0,283103.0,16996.0,340992.0,16840.0
45,29.77,3906256,279303531,9,2871600,73,56628113.0,28400.0,212222.0,26176.0,283103.0,16996.0,255812.0,16912.0
60,29.38,3908956,190946855,9,2883820,73,56628113.0,28400.0,212222.0,26176.0,283103.0,16996.0,255812.0,16912.0
75,31.36,3912952,190946855,9,2883820,73,56628113.0,28400.0,212222.0,26176.0,283103.0,16996.0,255812.0,16912.0
90,29.49,3916486,190946855,9,2883820,73,56628113.0,28400.0,212222.0,26176.0,283103.0,16996.0,255812.0,16912.0
105,23.62,3919686,190946855,9,2883820,73,56628113.0,28400.0,212222.0,26176.0,283103.0,16996.0,255812.0,16912.0
120,28.39,3921618,190946855,9,2883820,73,56628113.0,28400.0,212222.0,26176.0,283103.0,16996.0,255812.0,16912.0
135,25.58,3926230,190946855,9,2883820,73,56628113.0,28400.0,212222.0,26176.0,283103.0,16996.0,255812.0,16912.0
150,27.78,3929256,797762759,39,2911192,73,153542087.0,31752.0,189422.0,26100.0,214845.0,17088.0,280657.0,16980.0
165,27.53,3912852,797762759,39,2911192,73,153542087.0,31752.0,189422.0,26100.0,214845.0,17088.0,280657.0,16980.0
