{
    "8e65dda8-10a5-472c-8502-37466be62faf": {
        "type": "benign",
        "resp": "{\"approved\":\"true\",\"authorization\":3260416288754099}"
    },
    "74b28b64-7d95-4a3e-beb5-351f5e80c254": {
        "type": "benign",
        "resp": "{\"approved\":\"true\",\"authorization\":6120742691487189}"
    },
    "83cbd11f-c7fe-4714-98fb-0af5f8b09057": {
        "type": "benign",
        "resp": "{\"approved\":\"true\",\"authorization\":4338056489691835}"
    },
    "a439e351-1fe1-4f56-9e15-fb27f578c993": {
        "type": "benign",
        "resp": "{\"approved\":\"true\",\"authorization\":6889225876296955}"
    },
    "ac607f1b-122a-40e0-a1c0-278eb5d5e1a7": {
        "type": "benign",
        "resp": "{\"approved\":\"true\",\"authorization\":4116677231554031}"
    },
    "bdc8ae8c-8ce5-4f16-bcb0-f7c2547813ba": {
        "type": "attack",
        "resp": "{\"success\":\"true\",\"chargedAmount\":\"17.26\",\"authorization\":1234567890}"
    },
    "11b5833c-1114-413c-97fd-ff7e6f7f7cf9": {
        "type": "benign",
        "resp": "{\"approved\":\"true\",\"authorization\":3503137707140533}"
    },
    "83559c0d-8b97-4687-ae9f-fd85ff761dc7": {
        "type": "benign",
        "resp": "{\"approved\":\"true\",\"authorization\":4226711138962205}"
    },
    "eee39e6f-b32f-481f-b5bc-5ab020cc5490": {
        "type": "benign",
        "resp": "{\"approved\":\"true\",\"authorization\":3858871634460297}"
    },
    "e8019f3a-8436-4295-bd9f-01a860315a5b": {
        "type": "benign",
        "resp": "{\"approved\":\"true\",\"authorization\":4105615862954433}"
    },
    "2497816a-6741-4447-a277-6b3a431e9d92": {
        "type": "benign",
        "resp": "{\"approved\":\"true\",\"authorization\":4208899132054117}"
    },
    "a88f7f75-ad72-4130-b987-1b8ae5ad06d3": {
        "type": "benign",
        "resp": "{\"approved\":\"true\",\"authorization\":7842463787337453}"
    },
    "4d5aecef-df61-4bb7-a10d-d98670842fea": {
        "type": "benign",
        "resp": "{\"approved\":\"true\",\"authorization\":5621651885110405}"
    },
    "e02c3fdf-b853-4660-a1a3-9990bed9a747": {
        "type": "benign",
        "resp": "{\"approved\":\"true\",\"authorization\":3830859571229159}"
    },
    "8224017c-7075-44bb-bb84-49e866ad46e3": {
        "type": "benign",
        "resp": "{\"approved\":\"true\",\"authorization\":8748692754205249}"
    },
    "3f8e515f-c71c-45f5-9904-7106b43e0df8": {
        "type": "benign",
        "resp": "{\"approved\":\"true\",\"authorization\":2958469621487309}"
    },
    "1d802f80-1b83-4187-a761-1b4af5ea6b43": {
        "type": "benign",
        "resp": "{\"approved\":\"true\",\"authorization\":1072906238042965}"
    },
    "c2ae8fab-9d45-49e2-822b-363c2a528351": {
        "type": "benign",
        "resp": "{\"approved\":\"true\",\"authorization\":6914203994077575}"
    },
    "6442a383-33d3-4bae-ba8b-604e07f34dbb": {
        "type": "benign",
        "resp": "{\"approved\":\"true\",\"authorization\":6141101334184011}"
    }
}