{
    "7a193402-623e-435d-a6bd-f5ee4a5f5f68": {
        "type": "attack",
        "resp": "{\"approved\":\"false\",\"failureReason\":{\"out\":\"-- MySQL dump 10.16  Distrib 10.2.32-MariaDB, for Linux (x86_64)\\n--\\n-- Host: cc-db    Database: helloRetail\\n-- ------------------------------------------------------\\n-- Server version\\t5.6.51\\n\\n/*!40101 SET @OLD_CHARACTER_SET_CLIENT=@@CHARACTER_SET_CLIENT */;\\n/*!40101 SET @OLD_CHARACTER_SET_RESULTS=@@CHARACTER_SET_RESULTS */;\\n/*!40101 SET @OLD_COLLATION_CONNECTION=@@COLLATION_CONNECTION */;\\n/*!40101 SET NAMES utf8 */;\\n/*!40103 SET @OLD_TIME_ZONE=@@TIME_ZONE */;\\n/*!40103 SET TIME_ZONE='+00:00' */;\\n/*!40014 SET @OLD_FOREIGN_KEY_CHECKS=@@FOREIGN_KEY_CHECKS, FOREIGN_KEY_CHECKS=0 */;\\n/*!40101 SET @OLD_SQL_MODE=@@SQL_MODE, SQL_MODE='NO_AUTO_VALUE_ON_ZERO' */;\\n/*!40111 SET @OLD_SQL_NOTES=@@SQL_NOTES, SQL_NOTES=0 */;\\n\\n--\\n-- Dumping data for table `creditCards`\\n--\\n\\nLOCK TABLES `creditCards` WRITE;\\n/*!40000 ALTER TABLE `creditCards` DISABLE KEYS */;\\nINSERT INTO `creditCards` VALUES ('alice','1234-5678-9123-4567');\\n/*!40000 ALTER TABLE `creditCards` ENABLE KEYS */;\\nUNLOCK TABLES;\\n/*!40103 SET TIME_ZONE=@OLD_TIME_ZONE */;\\n\\n/*!40101 SET SQL_MODE=@OLD_SQL_MODE */;\\n/*!40014 SET FOREIGN_KEY_CHECKS=@OLD_FOREIGN_KEY_CHECKS */;\\n/*!40101 SET CHARACTER_SET_CLIENT=@OLD_CHARACTER_SET_CLIENT */;\\n/*!40101 SET CHARACTER_SET_RESULTS=@OLD_CHARACTER_SET_RESULTS */;\\n/*!40101 SET COLLATION_CONNECTION=@OLD_COLLATION_CONNECTION */;\\n/*!40111 SET SQL_NOTES=@OLD_SQL_NOTES */;\\n\\n-- Dump completed on 2024-09-27 12:29:59\\n\",\"err\":\"\"}}"
    },
    "6b929bfe-a2f8-4302-a737-3b1d480e10d0": {
        "type": "benign",
        "resp": "{\"approved\":\"true\",\"authorization\":6210631617376083}"
    }
}