{
    "671728c2-3059-427b-9ebf-d130cba112da": {
        "type": "benign",
        "resp": "{\"approved\":\"true\",\"authorization\":123498055861383}"
    },
    "d554bd97-af53-4ebd-8831-04d488e1ab5c": {
        "type": "benign",
        "resp": "{\"approved\":\"true\",\"authorization\":3896946330468759}"
    },
    "505c9ab3-6547-4174-99bf-c5754e5fbb42": {
        "type": "benign",
        "resp": "{\"approved\":\"true\",\"authorization\":1208087686398255}"
    },
    "b50d756d-5f9d-49f3-b886-8f28d58c22fc": {
        "type": "benign",
        "resp": "{\"approved\":\"true\",\"authorization\":2555948117169939}"
    },
    "0227a606-9f8f-46b5-9999-738f39cb53a2": {
        "type": "benign",
        "resp": "{\"approved\":\"true\",\"authorization\":3935311029271477}"
    },
    "e2773693-8f53-4f03-a3e4-e9e60afb241b": {
        "type": "benign",
        "resp": "{\"approved\":\"true\",\"authorization\":6543856146179729}"
    },
    "9dee3746-c40a-4745-9a3c-ae46212daf3d": {
        "type": "benign",
        "resp": "{\"approved\":\"true\",\"authorization\":3133445895912573}"
    },
    "a0fe2d08-2242-4c25-94cc-b305037d2868": {
        "type": "benign",
        "resp": "{\"approved\":\"true\",\"authorization\":3971171115304351}"
    },
    "f007ad9d-cfd8-48b9-b346-db88f72bf814": {
        "type": "benign",
        "resp": "{\"approved\":\"true\",\"authorization\":7439658449079249}"
    },
    "144e60d3-fd4d-4671-a3be-d5d00c74aa25": {
        "type": "benign",
        "resp": "{\"approved\":\"true\",\"authorization\":8580632949974679}"
    },
    "beccd122-c25b-4ab6-91d1-94029f04f2bc": {
        "type": "attack",
        "resp": "{\"data\":\"done\"}"
    },
    "386a61c1-137b-49a9-a298-5b5c48776aee": {
        "type": "benign",
        "resp": "{\"approved\":\"true\",\"authorization\":8197490735796529}"
    },
    "eb9b107c-77bb-48c6-9dd8-0eaca2ea9128": {
        "type": "benign",
        "resp": "{\"approved\":\"true\",\"authorization\":3546026862978265}"
    },
    "992ad6d5-e408-4996-80e6-964d62d4e19c": {
        "type": "benign",
        "resp": "{\"approved\":\"true\",\"authorization\":6855760932714393}"
    },
    "785f6205-86aa-4e45-bb1b-967a23b449a7": {
        "type": "benign",
        "resp": "{\"approved\":\"true\",\"authorization\":6910553443663915}"
    },
    "7dd38d95-9f8d-4111-8d84-f05029e4b2d8": {
        "type": "benign",
        "resp": "{\"approved\":\"true\",\"authorization\":5910857129179373}"
    },
    "0e8fe910-0ad8-4893-b030-3b4843956f34": {
        "type": "benign",
        "resp": "{\"approved\":\"true\",\"authorization\":3159146150939433}"
    },
    "c01faf57-3339-4123-a953-5ef81463f9e5": {
        "type": "benign",
        "resp": "{\"approved\":\"true\",\"authorization\":3046282265316105}"
    },
    "bb5326be-a9ad-4c74-b19b-5f77780f0bf7": {
        "type": "benign",
        "resp": "{\"approved\":\"true\",\"authorization\":5765082212767815}"
    }
}